-- phpMyAdmin SQL Dump
-- version 4.5.1
-- http://www.phpmyadmin.net
--
-- Host: 127.0.0.1
-- Generation Time: Dec 12, 2016 at 08:50 AM
-- Server version: 10.1.13-MariaDB
-- PHP Version: 5.6.21

SET SQL_MODE = "NO_AUTO_VALUE_ON_ZERO";
SET time_zone = "+00:00";


/*!40101 SET @OLD_CHARACTER_SET_CLIENT=@@CHARACTER_SET_CLIENT */;
/*!40101 SET @OLD_CHARACTER_SET_RESULTS=@@CHARACTER_SET_RESULTS */;
/*!40101 SET @OLD_COLLATION_CONNECTION=@@COLLATION_CONNECTION */;
/*!40101 SET NAMES utf8mb4 */;

--
-- Database: `project`
--

-- --------------------------------------------------------

--
-- Table structure for table `accessory`
--

CREATE TABLE `accessory` (
  `accessory_id` int(11) NOT NULL,
  `accessory_name` varchar(45) COLLATE tis620_bin NOT NULL
) ENGINE=InnoDB DEFAULT CHARSET=tis620 COLLATE=tis620_bin;

--
-- Dumping data for table `accessory`
--

INSERT INTO `accessory` (`accessory_id`, `accessory_name`) VALUES
(10001, 'แอร์'),
(10002, 'อินเตอร์เน็ต'),
(10003, 'คีย์การ์ด'),
(10004, 'เครื่องทำน้ำอุ่น'),
(10005, 'ตู้เย็น'),
(10006, 'ที่จอดรถ'),
(10007, 'เครื่องซักผ้า'),
(10008, 'เตียง'),
(10009, 'ตู้เสื้อผ้า'),
(10010, 'โทรศัพท์'),
(10011, 'เคเบิ้ลทีวี'),
(10012, 'ตู้น้ำหยอดเหรียญ'),
(10013, 'ทีวี');

-- --------------------------------------------------------

--
-- Table structure for table `area`
--

CREATE TABLE `area` (
  `area_name` varchar(45) COLLATE tis620_bin NOT NULL,
  `city_id` int(11) NOT NULL
) ENGINE=InnoDB DEFAULT CHARSET=tis620 COLLATE=tis620_bin;

--
-- Dumping data for table `area`
--

INSERT INTO `area` (`area_name`, `city_id`) VALUES
('คลองสาน', 3001),
('คลองสามวา', 3001),
('คลองเตย', 3001),
('คันนายาว', 3001),
('จตุจักร', 3001),
('จอมทอง', 3001),
('ดอนเมือง', 3001),
('ดินแดง', 3001),
('ดุสิต', 3001),
('ตลิ่งชัน', 3001),
('ทวีวัฒนา', 3001),
('ทุ่งครุ', 3001),
(' ธนบุรี', 3001),
('บางกอกน้อย', 3001),
('บางกอกใหญ่', 3001),
('บางกะปิ', 3001),
('บางขุนเทียน', 3001),
('บางคอแหลม', 3001),
('บางซื่อ', 3001),
('บางนา', 3001),
('บางบอน', 3001),
('บางพลัด', 3001),
('บางรัก', 3001),
('บางเขน', 3001),
('บางแค', 3001),
('บึงกุ่ม', 3001),
('ปทุมวัน', 3001),
('ประเวศ', 3001),
('ป้อมปราบศัตรูพ่าย', 3001),
('พญาไท', 3001),
('พระนคร', 3001),
('พระโขนง', 3001),
('ภาษีเจริญ', 3001),
('มีนบุรี', 3001),
('ยานนาวา', 3001),
('ราชเทวี', 3001),
('ราษฎร์บูรณะ', 3001),
('ลาดกระบัง', 3001),
('ลาดพร้าว', 3001),
('วังทองหลาง', 3001),
('วัฒนา', 3001),
('สวนหลวง', 3001),
('สะพานสูง', 3001),
('สัมพันธวงศ์', 3001),
('สาทร', 3001),
('สายไหม', 3001),
('หนองจอก', 3001),
('หนองแขม', 3001),
('หลักสี่', 3001),
('ห้วยขวาง', 3001);

-- --------------------------------------------------------

--
-- Table structure for table `chat`
--

CREATE TABLE `chat` (
  `user_id1` int(11) NOT NULL,
  `user_id2` int(11) NOT NULL,
  `message` varchar(500) COLLATE tis620_bin NOT NULL,
  `chatdate` timestamp NOT NULL DEFAULT CURRENT_TIMESTAMP ON UPDATE CURRENT_TIMESTAMP
) ENGINE=InnoDB DEFAULT CHARSET=tis620 COLLATE=tis620_bin;

--
-- Dumping data for table `chat`
--

INSERT INTO `chat` (`user_id1`, `user_id2`, `message`, `chatdate`) VALUES
(700012, 700158, ' ', '2016-10-28 15:49:16'),
(700012, 700158, 'ครับ', '2016-10-28 15:51:10'),
(700012, 700158, 'vbvb', '2016-10-28 15:51:40'),
(700012, 700158, 'ม่ายยยย', '2016-10-28 15:51:46'),
(700012, 700158, 'ลาก่อย', '2016-10-28 15:51:57'),
(700012, 700158, 'โชคร้ายนะเรา', '2016-10-28 15:52:07'),
(700012, 700158, 'aasdasd', '2016-10-28 15:52:48'),
(700012, 700158, 'asdasd', '2016-10-28 15:52:54'),
(700159, 700012, ' ', '2016-10-29 18:48:43'),
(700159, 700012, 'สวัสดีครับ', '2016-10-29 18:49:02'),
(700159, 700012, 'พอดีสนใจห้องอะครับ', '2016-10-29 18:49:19'),
(700159, 700012, 'อยากจะขออยู่ด้วย', '2016-10-29 18:49:45'),
(700012, 700159, 'ได้ครับ', '2016-10-29 18:59:51'),
(700012, 700159, 'ไม่ทราบว่าจะมาเมื่อไหร่ครับผม', '2016-10-29 19:00:25'),
(700159, 700012, 'ยังไงเดี่ยวผมติดต่อไปทางเฟสนะครับ', '2016-10-29 19:00:41'),
(700012, 700159, 'เฟสเราอยู่ในโปรไฟล์เรานะ', '2016-10-29 19:01:03'),
(700012, 700159, 'แอดมายังไงเจอกัน', '2016-10-29 19:01:15'),
(700159, 700012, 'ครับยินดีที่ได้รู้จักนะครับ ^^', '2016-10-29 19:01:43'),
(700012, 700155, ' ', '2016-10-29 20:39:20'),
(700155, 700012, 'งืม', '2016-10-29 20:48:25'),
(700155, 700012, 'สวัสดีครับ', '2016-10-29 20:48:33'),
(700160, 700155, ' ', '2016-10-30 07:44:52'),
(700012, 700155, ' ', '2016-10-30 08:42:46'),
(700012, 700146, ' ', '2016-10-30 08:43:50'),
(700012, 700012, ' ', '2016-11-07 02:34:03'),
(700012, 700012, ' ', '2016-11-07 02:36:34'),
(700012, 700012, ' ', '2016-11-07 02:36:40'),
(700012, 700146, 'ไงง', '2016-11-07 03:54:30'),
(700012, 700146, '', '2016-11-07 03:54:33'),
(700012, 700146, 'โย่วๆ', '2016-11-07 03:54:39'),
(700012, 700004, ' ', '2016-11-07 04:06:42'),
(700012, 700004, 'ท่าส', '2016-11-07 04:06:54'),
(700012, 700076, ' ', '2016-11-07 04:22:18'),
(700012, 700076, 'หวัดดี', '2016-11-07 04:22:33'),
(700012, 700076, 'มาอยู่ด้วยกันมั้ย', '2016-11-07 04:22:38'),
(700012, 700076, 'โจ๊ะๆ', '2016-11-07 04:22:44'),
(700012, 700082, ' ', '2016-11-07 04:39:14'),
(700012, 700028, ' ', '2016-11-07 07:07:23'),
(700012, 700028, ' ', '2016-11-07 07:07:27'),
(700012, 700149, ' ', '2016-11-07 07:34:34'),
(700012, 700149, 'เ', '2016-11-07 07:34:48'),
(700012, 700149, '', '2016-11-07 07:34:49'),
(700012, 700146, ' ', '2016-11-07 07:44:05'),
(700012, 700155, 'ดีจ้า', '2016-11-07 07:44:23'),
(700012, 700155, 'อิอิ', '2016-11-07 07:44:31'),
(700012, 700155, 'ววว', '2016-11-07 07:44:39');

-- --------------------------------------------------------

--
-- Table structure for table `city`
--

CREATE TABLE `city` (
  `city_id` int(11) NOT NULL,
  `city_name` varchar(45) CHARACTER SET tis620 DEFAULT NULL,
  `country_id` int(11) DEFAULT NULL
) ENGINE=InnoDB DEFAULT CHARSET=latin1;

--
-- Dumping data for table `city`
--

INSERT INTO `city` (`city_id`, `city_name`, `country_id`) VALUES
(3001, 'กรุงเทพมหานคร', 10001),
(3002, 'นนทบุรี', 10001),
(3003, 'ราชบุรี', 10001),
(3004, 'นครปฐม', 10001),
(3005, 'สมุทรปราการ', 10001),
(3006, 'ปทุมธานี', 10001),
(3007, 'พังงา', 10001),
(3008, 'สมุทรสาคร', 10001),
(3009, 'ฉะเชิงเทรา', 10001),
(3010, 'กาญจนบุรี', 10001),
(3011, 'ระยอง', 10001),
(3012, 'ตรัง', 10001),
(3013, 'ประจวบคีรีขันธ์', 10001),
(3014, 'สมุทรสงคราม', 10001),
(3015, 'เลย', 10001),
(3016, 'ชัยภูมิ', 10001),
(3017, 'พระนครศรีอยุธยา', 10001),
(3018, 'ชลบุรี', 10001),
(3019, 'สุพรรณบุรี', 10001),
(3020, 'สุราษฎร์ธานี', 10001),
(3021, 'อุดรธานี', 10001),
(3022, 'นครนายก', 10001),
(3023, 'สระบุรี', 10001),
(3024, 'ศรีสะเกษ', 10001),
(3025, 'ลพบุรี', 10001),
(3026, 'นครสวรรค์', 10001),
(3027, 'นครศรีธรรมราช', 10001),
(3028, 'จันทบุรี', 10001),
(3029, 'นครราชสีมา', 10001),
(3030, 'เชียงราย', 10001);

-- --------------------------------------------------------

--
-- Table structure for table `country`
--

CREATE TABLE `country` (
  `country_id` int(11) NOT NULL,
  `country_name` varchar(45) CHARACTER SET utf8 DEFAULT NULL
) ENGINE=InnoDB DEFAULT CHARSET=latin1;

--
-- Dumping data for table `country`
--

INSERT INTO `country` (`country_id`, `country_name`) VALUES
(10001, 'ประเทศไทย');

-- --------------------------------------------------------

--
-- Table structure for table `education`
--

CREATE TABLE `education` (
  `education_id` int(11) NOT NULL,
  `education_name_primary` varchar(45) CHARACTER SET utf8 DEFAULT NULL,
  `education_lvl` varchar(10) NOT NULL
) ENGINE=InnoDB DEFAULT CHARSET=tis620 ROW_FORMAT=COMPACT;

--
-- Dumping data for table `education`
--

INSERT INTO `education` (`education_id`, `education_name_primary`, `education_lvl`) VALUES
(2085, 'School of information Technology', 'Bsc'),
(20001, 'ศึกษานารี', 'PRM'),
(20002, 'โพธิสารพิทยากร', 'PRM'),
(20003, 'นวมินทราชินูทิศสตรีวิทยาพุทธมณฑล', 'PRM'),
(20004, 'เตรียมอุดมศึกษาพัฒนาการนนทบุรี', 'PRM'),
(20005, 'บางกะปิ', 'PRM'),
(20006, 'สตรีวัดอัปสรสวรรค์', 'PRM'),
(20007, 'นารีวุฒิ', 'PRM'),
(20008, 'กาญจนาภิเษกวิทยาลัยนครปฐม', 'PRM'),
(20009, 'เซนต์โยเซฟทิพวัล', 'PRM'),
(20010, 'ชลประทานวิทยา', 'PRM'),
(20011, 'วิทยาลัยเทคนิคพังงา', 'PRM'),
(20012, 'อัสสัมชัญ', 'PRM'),
(20013, 'เซนต์ดอมินิก', 'PRM'),
(20014, 'สาธิตมหาวิทยาลัยเกษตรศาสตร์วิทยาเขตกำแพงแสน', 'PRM'),
(20015, 'เบญจมราชรังสฤษฎิ์', 'PRM'),
(20016, 'วิสุทธรังษี', 'PRM'),
(20017, 'เทพศิรินทร์', 'PRM'),
(20018, 'สตรีสมุทรปราการ', 'PRM'),
(20019, 'ระยองวิทยาคม', 'PRM'),
(20020, 'ดอนเมืองทหารอากาศบำรุง', 'PRM'),
(20021, 'วัดนวลนรดิศ', 'PRM'),
(20022, 'ดรุณาราชบุรี', 'PRM'),
(20023, 'เทพศิรินทร์นนทบุรี', 'PRM'),
(20024, 'ศรีพฤฒา', 'PRM'),
(20025, 'บางมดวิทยา', 'PRM'),
(20026, 'พระหฤทัยดอนเมือง', 'PRM'),
(20027, 'มัธยมวัดนายโรง', 'PRM'),
(20028, 'สภาราชินีจังหวัดตรัง', 'PRM'),
(20029, 'หัวหินวิทยาลัย', 'PRM'),
(20030, 'ศรัทธาสมุทร', 'PRM'),
(20031, 'เตรียมอุดมศึกษาน้อมเกล้า', 'PRM'),
(20032, 'โยธินบูรณะ', 'PRM'),
(20033, 'วัดสระเกศ', 'PRM'),
(20034, 'เตรียมอุดมศึกษาน้อมเกล้าสมุทรปราการ', 'PRM'),
(20035, 'ทวีธาภิเศก', 'PRM'),
(20036, 'เลยพิทยาคม', 'PRM'),
(20037, 'สมุทรปราการ', 'PRM'),
(20038, 'กาญจนาภิเษกวิทยาลัยชัยภูมิ', 'PRM'),
(20039, 'หล่มสักวิทยาคม', 'PRM'),
(20040, 'สวนกุหลาบวิทยาลัย', 'PRM'),
(20041, 'สวนกุหลาบวิทยาลัยรังสิต', 'PRM'),
(20042, 'จอมสุรางค์อุปถัมภ์', 'PRM'),
(20043, 'อัสสัมชัญศึกษา', 'PRM'),
(20044, 'บ้านค่าย', 'PRM'),
(20045, 'วัดราชโอรส', 'PRM'),
(20046, 'ราชโบริกานุเคราะห์', 'PRM'),
(20047, 'มารีวิทย์สัตหีบ', 'PRM'),
(20048, 'อัสสัมชัญคอนแวนต์', 'PRM'),
(20049, 'บางปะกอกวิทยาคม', 'PRM'),
(20050, 'ราชวินิตบางแก้วในพระบรมราชูปถัมภ์', 'PRM'),
(20051, 'กรรณสูตศึกษาลัย', 'PRM'),
(20052, 'จุฬาภรณราชวิทยาลัยลพบุรี', 'PRM'),
(20053, 'ธิดาแม่พระ', 'PRM'),
(20054, 'ทุ่งสง', 'PRM'),
(20055, 'วัดสุทธิวราราม', 'PRM'),
(20056, 'สตรีวัดมหาพฤฒาราม', 'PRM'),
(20057, 'วัดราชบพิธ', 'PRM'),
(20058, 'อุดรพัฒนาการ', 'PRM'),
(20059, 'แกลง(วิทยสถาวร)', 'PRM'),
(20060, 'องครักษ์', 'PRM'),
(20061, 'บ้านฉางกาญจนกุลวิทยา', 'PRM'),
(20062, 'เซนต์ปอลคอนแวนต์', 'PRM'),
(20063, 'พระหฤทัยคอนแวนต์', 'PRM'),
(20064, 'พิบูลวิทยาลัย', 'PRM'),
(20065, 'ศรีสะเกษวิทยาลัย', 'PRM'),
(20066, 'จิตรลดา', 'PRM'),
(20067, 'กรุงเทพคริสเตียนวิทยาลัย', 'PRM'),
(20068, 'รัตนโกสินทร์สมโภชบางขุนเทียน', 'PRM'),
(20069, 'สารสาสน์วิเทศศึกษา', 'PRM'),
(20070, 'เต่างอยพัฒนศึกษา', 'PRM'),
(20071, 'ภัทรญาณวิทยา', 'PRM'),
(20072, 'อัมพรไพศาล', 'PRM'),
(20073, 'สุรศักดิ์มนตรี', 'PRM'),
(20074, 'พนมสารคาม(พนมอดุลวิทยา)', 'PRM'),
(20075, 'ชุมแสงชนูทิศ', 'PRM'),
(20076, 'เบญจมราชูทิศ', 'PRM'),
(20077, 'เบญจมราชูทิศจังหวัดจันทบุรี', 'PRM'),
(20078, 'ศรีอยุธยาในพระอุปถัมภ์ฯ', 'PRM'),
(20079, 'มารีย์วิทยา', 'PRM'),
(20080, 'เตรียมอุดมศึกษาพัฒนาการ', 'PRM'),
(20081, 'พระปฐมวิทยาลัย', 'PRM'),
(20082, 'จุฬาภรณราชวิทยาลัยมุกดาหาร', 'PRM'),
(20083, 'เทพศิรินทร์ลาดหญ้ากาญจนบุรี', 'PRM'),
(20084, 'กาญจนาภิเษกวิทยาลัยสุพรรณบุรี', 'PRM');

-- --------------------------------------------------------

--
-- Table structure for table `forniture`
--

CREATE TABLE `forniture` (
  `room_id` int(11) NOT NULL,
  `forniture_name` varchar(45) COLLATE tis620_bin NOT NULL
) ENGINE=InnoDB DEFAULT CHARSET=tis620 COLLATE=tis620_bin;

-- --------------------------------------------------------

--
-- Table structure for table `have_accessory`
--

CREATE TABLE `have_accessory` (
  `room_id` int(11) NOT NULL,
  `accessory_id` int(11) NOT NULL
) ENGINE=InnoDB DEFAULT CHARSET=tis620 COLLATE=tis620_bin;

--
-- Dumping data for table `have_accessory`
--

INSERT INTO `have_accessory` (`room_id`, `accessory_id`) VALUES
(1035, 10006),
(1050, 10006),
(1051, 10004),
(1051, 10006),
(1052, 10004),
(1052, 10006),
(1054, 10004),
(1054, 10006),
(1055, 10004),
(1055, 10006),
(1056, 10004),
(1056, 10006),
(1057, 10004),
(1057, 10006),
(1058, 10004),
(1058, 10006),
(1059, 10004),
(1059, 10006),
(1059, 10004),
(1059, 10006),
(1060, 10004),
(1060, 10006),
(1067, 10004),
(1067, 10006),
(1068, 10004),
(1068, 10006),
(1069, 10004),
(1069, 10006),
(1070, 10004),
(1070, 10006),
(1071, 10004),
(1071, 10006),
(1072, 10004),
(1072, 10006),
(1073, 10004),
(1073, 10006),
(1074, 10004),
(1074, 10006),
(1075, 10004),
(1075, 10006);

-- --------------------------------------------------------

--
-- Table structure for table `hstory_education`
--

CREATE TABLE `hstory_education` (
  `education_id` int(11) NOT NULL,
  `user_id` int(11) NOT NULL,
  `year_study` int(11) DEFAULT NULL
) ENGINE=InnoDB DEFAULT CHARSET=latin1;

--
-- Dumping data for table `hstory_education`
--

INSERT INTO `hstory_education` (`education_id`, `user_id`, `year_study`) VALUES
(20012, 700012, 2556),
(2085, 700012, 2560);

-- --------------------------------------------------------

--
-- Table structure for table `interest`
--

CREATE TABLE `interest` (
  `interest_id` int(11) NOT NULL,
  `interest_name` varchar(45) DEFAULT NULL
) ENGINE=InnoDB DEFAULT CHARSET=latin1;

--
-- Dumping data for table `interest`
--

INSERT INTO `interest` (`interest_id`, `interest_name`) VALUES
(10000001, 'Dota2'),
(10000004, 'Music'),
(10000005, 'Pokemon'),
(10000006, 'Girl'),
(10000007, 'Games'),
(10000008, 'Sexy Lady'),
(10000009, 'MILF'),
(10000010, 'Drug'),
(10000011, 'Camera'),
(10000012, 'Photograph'),
(10000013, 'Travel'),
(10000014, 'Studying'),
(10000015, 'Sad Song'),
(10000016, 'Network'),
(10000017, 'Smoking'),
(10000018, 'Drink'),
(10000019, 'Metal'),
(10000020, 'CSGO');

-- --------------------------------------------------------

--
-- Table structure for table `jobs`
--

CREATE TABLE `jobs` (
  `job_id` int(11) NOT NULL,
  `job_name` varchar(45) DEFAULT NULL
) ENGINE=InnoDB DEFAULT CHARSET=latin1;

--
-- Dumping data for table `jobs`
--

INSERT INTO `jobs` (`job_id`, `job_name`) VALUES
(3001, 'Student');

-- --------------------------------------------------------

--
-- Table structure for table `party`
--

CREATE TABLE `party` (
  `user_id` int(11) NOT NULL,
  `party_id` int(11) NOT NULL
) ENGINE=InnoDB DEFAULT CHARSET=tis620 COLLATE=tis620_bin;

--
-- Dumping data for table `party`
--

INSERT INTO `party` (`user_id`, `party_id`) VALUES
(700002, 1),
(700003, 1),
(700159, 2),
(700012, 3),
(700149, 3);

-- --------------------------------------------------------

--
-- Table structure for table `picture_room`
--

CREATE TABLE `picture_room` (
  `room_id` int(11) NOT NULL,
  `path` varchar(100) COLLATE tis620_bin NOT NULL
) ENGINE=InnoDB DEFAULT CHARSET=tis620 COLLATE=tis620_bin;

--
-- Dumping data for table `picture_room`
--

INSERT INTO `picture_room` (`room_id`, `path`) VALUES
(1066, '../view/img/up/1066-0.jpg'),
(1066, '../view/img/up/1066-1.jpg'),
(1066, '../view/img/up/1066-2.jpg'),
(1066, '../view/img/up/1066-3.jpg'),
(1066, '../view/img/up/1066-4.jpg'),
(1066, '../view/img/up/1066-5.jpg'),
(1066, '../view/img/up/1066-6.jpg'),
(1066, '../view/img/up/1066-7.jpg'),
(1066, '../view/img/up/1066-8.jpg'),
(1066, '../view/img/up/1066-9.jpg'),
(1067, '../view/img/up/1067-0.jpg'),
(1067, '../view/img/up/1067-1.jpg'),
(1067, '../view/img/up/1067-2.png'),
(1068, '../view/img/up/1068-0.jpg'),
(1068, '../view/img/up/1068-1.jpg'),
(1068, '../view/img/up/1068-2.jpg'),
(1069, '../view/img/up/1069-0.jpg'),
(1069, '../view/img/up/1069-1.jpg'),
(1069, '../view/img/up/1069-2.jpg'),
(1070, '../view/img/up/1070-0.jpg'),
(1070, '../view/img/up/1070-1.jpg'),
(1070, '../view/img/up/1070-2.jpg'),
(1070, '../view/img/up/1070-3.jpg'),
(1071, '../view/img/up/1071-0.jpg'),
(1071, '../view/img/up/1071-1.jpg'),
(1071, '../view/img/up/1071-2.jpg'),
(1071, '../view/img/up/1071-3.jpg'),
(1071, '../view/img/up/1071-4.jpg'),
(1072, '../view/img/up/1072-0.jpg'),
(1072, '../view/img/up/1072-1.jpg'),
(1072, '../view/img/up/1072-2.jpg'),
(1072, '../view/img/up/1072-3.jpg'),
(1073, '../view/img/up/1073-0.jpg'),
(1073, '../view/img/up/1073-1.jpg'),
(1073, '../view/img/up/1073-2.jpg'),
(1074, '../view/img/up/1074-0.jpg'),
(1074, '../view/img/up/1074-1.jpg'),
(1074, '../view/img/up/1074-2.jpg'),
(1075, '../view/img/up/1075-0.jpg'),
(1075, '../view/img/up/1075-1.jpg'),
(1075, '../view/img/up/1075-2.jpg'),
(1032, '../view/img/up/1032-0.jpg'),
(1032, '../view/img/up/1032-1.jpg'),
(1032, '../view/img/up/1032-2.jpg'),
(1032, '../view/img/up/1042-0.jpg'),
(1032, '../view/img/up/1042-1.jpg'),
(1032, '../view/img/up/1042-2.jpg'),
(1042, '../view/img/up/1042-0.jpg'),
(1042, '../view/img/up/1042-1.jpg'),
(1042, '../view/img/up/1042-2.jpg'),
(1043, '../view/img/up/1043-0.jpg'),
(1043, '../view/img/up/1043-1.jpg'),
(1043, '../view/img/up/1043-2.jpg'),
(1044, '../view/img/up/1044-0.jpg'),
(1044, '../view/img/up/1044-1.jpg'),
(1044, '../view/img/up/1044-2.jpg'),
(1045, '../view/img/up/1045-0.jpg'),
(1045, '../view/img/up/1045-1.jpg'),
(1045, '../view/img/up/1045-2.jpg'),
(1046, '../view/img/up/1046-0.jpg'),
(1046, '../view/img/up/1046-1.jpg'),
(1046, '../view/img/up/1046-2.jpg'),
(1047, '../view/img/up/1047-0.jpg'),
(1047, '../view/img/up/1047-1.jpg'),
(1047, '../view/img/up/1047-2.jpg'),
(1048, '../view/img/up/1048-0.jpg'),
(1048, '../view/img/up/1048-1.jpg'),
(1048, '../view/img/up/1048-2.jpg'),
(1049, '../view/img/up/1049-0.jpg'),
(1049, '../view/img/up/1049-1.jpg'),
(1049, '../view/img/up/1049-2.jpg'),
(1054, '../view/img/up/1054-0.jpg'),
(1054, '../view/img/up/1054-1.jpg'),
(1054, '../view/img/up/1054-2.jpg'),
(1055, '../view/img/up/1055-0.jpg'),
(1055, '../view/img/up/1055-1.jpg'),
(1055, '../view/img/up/1055-2.jpg'),
(1056, '../view/img/up/1056-0.jpg'),
(1056, '../view/img/up/1056-1.jpg'),
(1056, '../view/img/up/1056-2.jpg'),
(1057, '../view/img/up/1057-0.jpg'),
(1057, '../view/img/up/1057-1.jpg'),
(1057, '../view/img/up/1057-2.jpg');

-- --------------------------------------------------------

--
-- Table structure for table `religion`
--

CREATE TABLE `religion` (
  `religion_id` int(11) NOT NULL,
  `religion_name` varchar(11) COLLATE tis620_bin NOT NULL
) ENGINE=InnoDB DEFAULT CHARSET=tis620 COLLATE=tis620_bin;

--
-- Dumping data for table `religion`
--

INSERT INTO `religion` (`religion_id`, `religion_name`) VALUES
(2001, 'พุทธ'),
(2002, 'คริสต์'),
(2003, 'อิสลาม');

-- --------------------------------------------------------

--
-- Table structure for table `request`
--

CREATE TABLE `request` (
  `request_id` int(11) NOT NULL,
  `content` varchar(100) COLLATE tis620_bin NOT NULL,
  `id1` int(11) NOT NULL,
  `id2` int(11) NOT NULL,
  `status` int(11) NOT NULL,
  `room_id` int(11) NOT NULL
) ENGINE=InnoDB DEFAULT CHARSET=tis620 COLLATE=tis620_bin;

--
-- Dumping data for table `request`
--

INSERT INTO `request` (`request_id`, `content`, `id1`, `id2`, `status`, `room_id`) VALUES
(1000, 'Join', 700016, 700012, 2, 0),
(1001, 'Join', 700012, 700099, 2, 0),
(1002, 'Join', 700127, 700012, 2, 0),
(1003, 'Join', 700012, 700004, 1, 0),
(1015, 'Join', 700135, 700012, 2, 0),
(1016, 'Join', 700135, 700012, 2, 0),
(1017, 'Join', 700135, 700012, 2, 0),
(1018, 'Join', 700135, 700012, 2, 0),
(1019, 'Join', 700135, 700012, 2, 0),
(1020, 'Join', 700135, 700012, 2, 0),
(1021, 'Join', 700135, 700012, 2, 0),
(1022, 'Join', 700135, 700012, 2, 0),
(1023, 'Join', 700135, 700012, 2, 0),
(1024, 'Join', 700135, 700012, 2, 0),
(1025, 'Join', 700135, 700012, 2, 0),
(1026, 'Join', 700133, 700012, 2, 0),
(1027, 'Join', 700099, 700133, 2, 0),
(1028, 'Join', 700143, 700099, 2, 0),
(1029, 'Join', 700006, 700012, 2, 0),
(1030, 'Join', 700135, 700099, 2, 0),
(1031, 'Rent', 700099, 700146, 2, 1055),
(1032, 'Join', 700012, 700127, 2, 0),
(1033, 'Join', 700148, 700048, 1, 0),
(1034, 'Join', 700148, 700048, 1, 0),
(1035, 'Join', 700148, 700099, 2, 0),
(1036, 'Join', 700148, 700099, 0, 0),
(1037, 'Join', 700012, 700127, 2, 0),
(1038, 'Join', 700012, 700127, 2, 0),
(1039, 'Join', 700127, 700012, 2, 0),
(1040, 'Join', 700127, 700012, 2, 0),
(1041, 'Join', 700127, 700012, 2, 0),
(1042, 'Join', 700127, 700012, 2, 0),
(1043, 'Join', 700127, 700012, 2, 0),
(1044, 'Join', 700127, 700012, 2, 0),
(1045, 'Join', 700127, 700012, 2, 0),
(1046, 'Join', 700127, 700012, 2, 0),
(1047, 'Join', 700127, 700012, 2, 0),
(1048, 'Join', 700127, 700012, 2, 0),
(1049, 'Join', 700127, 700012, 2, 0),
(1050, 'Join', 700127, 700012, 2, 0),
(1051, 'Join', 700127, 700012, 2, 0),
(1052, 'Join', 700127, 700012, 2, 0),
(1053, 'Join', 700127, 700012, 2, 0),
(1054, 'Join', 700127, 700012, 2, 0),
(1055, 'Join', 700127, 700012, 0, 0),
(1056, 'Join', 700127, 700012, 0, 0),
(1057, 'Join', 700127, 700012, 0, 0),
(1058, 'Join', 700127, 700012, 0, 0),
(1059, 'Join', 700012, 700013, 1, 0),
(1060, 'Join', 700012, 700005, 1, 0),
(1061, 'Join', 700012, 700048, 1, 0),
(1062, 'Join', 700012, 700048, 1, 0),
(1063, 'Join', 700012, 700149, 2, 0),
(1064, 'Join', 700012, 700127, 1, 0),
(1065, 'Join', 700012, 700024, 1, 0),
(1066, 'Join', 700099, 700012, 2, 0),
(1067, 'Join', 700099, 700012, 2, 0),
(1068, 'Join', 700099, 700012, 2, 0),
(1069, 'Join', 700012, 1067, 1, 0),
(1070, 'Join', 700012, 1067, 1, 0),
(1071, 'Join', 700012, 1067, 1, 0),
(1072, 'Join', 700012, 1067, 1, 0),
(1073, 'Join', 700012, 1067, 1, 0),
(1074, 'Send', 700012, 1067, 1, 0),
(1075, 'Send', 700012, 1067, 1, 0),
(1076, 'Send', 700012, 1067, 1, 0),
(1077, 'Send', 700012, 700155, 0, 0),
(1078, 'Send', 700012, 700155, 2, 0),
(1079, 'Send', 700012, 700155, 2, 0),
(1080, 'Send', 700012, 700155, 2, 0),
(1081, 'Send', 700012, 700155, 2, 0),
(1082, 'Send', 700012, 700155, 2, 1067),
(1083, 'Send', 700012, 700155, 0, 1067),
(1084, 'Send', 700012, 700155, 2, 1067),
(1085, 'Send', 700012, 700155, 0, 1067),
(1086, 'Send', 700012, 700155, 2, 1067),
(1087, 'Join', 700012, 700099, 2, 0),
(1088, 'Send', 700012, 700155, 2, 1069),
(1089, 'Send', 700012, 700155, 2, 1067),
(1090, 'Send', 700012, 700155, 2, 1069),
(1091, 'Join', 700012, 700149, 1, 0),
(1092, 'Join', 700012, 700149, 1, 0),
(1093, 'Join', 700012, 700149, 1, 0),
(1094, 'Join', 700012, 700149, 1, 0),
(1095, 'Join', 700012, 700149, 1, 0),
(1096, 'Join', 700012, 700149, 1, 0),
(1097, 'Join', 700012, 700149, 1, 0),
(1098, 'Join', 700012, 700149, 1, 0),
(1099, 'Join', 700012, 700149, 1, 0),
(1100, 'Join', 700012, 700099, 2, 0),
(1101, 'Send', 700012, 700155, 2, 1067),
(1102, 'Join', 700012, 700099, 2, 0),
(1103, 'Send', 700099, 700155, 2, 1069),
(1104, 'Join', 700157, 700012, 2, 0),
(1105, 'Join', 700157, 700012, 2, 0),
(1106, 'Join', 700157, 700012, 2, 0),
(1107, 'Join', 700157, 700012, 2, 0),
(1108, 'Join', 700157, 700012, 2, 0),
(1109, 'Join', 700012, 700157, 2, 0),
(1110, 'Join', 700012, 700157, 2, 0),
(1111, 'Join', 700012, 700157, 2, 0),
(1112, 'Join', 700157, 700012, 0, 0),
(1113, 'Join', 700157, 700012, 2, 0),
(1114, 'Join', 700157, 700012, 2, 0),
(1115, 'Join', 700157, 700012, 2, 0),
(1116, 'Join', 700012, 700157, 2, 1072),
(1117, 'Join', 700012, 700157, 2, 1072),
(1118, 'Join', 700157, 700012, 2, 0),
(1119, 'Join', 700157, 700012, 2, 0),
(1120, 'Join', 700157, 700012, 2, 0),
(1121, 'Join', 700012, 700157, 0, 1072),
(1122, 'Rent', 700012, 700155, 2, 1067),
(1123, 'Rent', 700012, 700155, 2, 1067),
(1124, 'Rent', 700012, 700155, 0, 1067),
(1125, 'Rent', 700012, 700155, 2, 1067),
(1126, 'Rent', 700012, 700155, 2, 1067),
(1127, 'Rent', 700012, 700155, 2, 1067),
(1128, 'Rent', 700012, 700155, 2, 1067),
(1129, 'Join', 700158, 700012, 0, 0),
(1130, 'Join', 700012, 700158, 2, 0),
(1131, 'Rent', 700158, 700155, 2, 1069),
(1132, 'Join', 700159, 700012, 0, 0),
(1133, 'Join', 700160, 700012, 2, 0),
(1134, 'Join', 700012, 700160, 2, 0),
(1135, 'Join', 700012, 700160, 2, 0),
(1136, 'Join', 700012, 700160, 2, 0),
(1137, 'Join', 700012, 700160, 0, 0),
(1138, 'Join', 700012, 700160, 2, 0),
(1139, 'Join', 700012, 700160, 0, 0),
(1140, 'Join', 700012, 700160, 2, 0),
(1141, 'Join', 700012, 700160, 2, 0),
(1142, 'Rent', 700012, 700155, 2, 1067),
(1143, 'Join', 700012, 700160, 2, 0),
(1144, 'Join', 700012, 700160, 2, 0),
(1145, 'Join', 700012, 700160, 2, 0),
(1146, 'Rent', 700159, 700155, 2, 1069),
(1147, 'Rent', 700159, 700155, 2, 1069),
(1148, 'Join', 700160, 700012, 2, 1075),
(1149, 'Rent', 700012, 700146, 1, 1055),
(1150, 'Rent', 700012, 700155, 2, 1074),
(1151, 'Join', 700012, 700157, 2, 1072),
(1152, 'Join', 700012, 700157, 2, 1072),
(1153, 'Join', 700012, 700158, 2, 0),
(1154, 'Join', 700099, 700012, 2, 0),
(1155, 'Rent', 700012, 700155, 2, 1067),
(1156, 'Join', 700012, 700157, 2, 1072),
(1157, 'Join', 700012, 700099, 2, 0),
(1158, 'Rent', 700012, 700155, 2, 1071),
(1159, 'Join', 700012, 700158, 1, 0),
(1160, 'Join', 700012, 700157, 0, 0),
(1161, 'Join', 700012, 700157, 2, 0),
(1162, 'Join', 700012, 700157, 2, 0),
(1163, 'Join', 700012, 700159, 2, 0),
(1164, 'Join', 700012, 700159, 2, 0),
(1165, 'Join', 700012, 700159, 2, 0),
(1166, 'Join', 700012, 700157, 2, 0),
(1167, 'Join', 700012, 700099, 2, 0),
(1168, 'Rent', 700099, 700155, 2, 1068),
(1169, 'Join', 700012, 700099, 2, 0),
(1170, 'Join', 700012, 700099, 2, 0),
(1171, 'Rent', 700099, 700155, 2, 1067),
(1172, 'Rent', 700012, 700156, 1, 1070),
(1173, 'Join', 700012, 700161, 1, 0),
(1174, 'Join', 700012, 700099, 2, 0),
(1175, 'Join', 700012, 700099, 2, 0),
(1176, 'Join', 700012, 700099, 2, 0),
(1177, 'Join', 700012, 700099, 2, 0),
(1178, 'Join', 700012, 700099, 2, 0),
(1179, 'Join', 700012, 700099, 2, 0),
(1180, 'Join', 700012, 700099, 2, 0),
(1181, 'Rent', 700099, 700155, 2, 1075),
(1182, 'Rent', 700099, 700155, 0, 1075),
(1183, 'Rent', 700099, 700155, 2, 1075),
(1184, 'Rent', 700099, 700155, 2, 1075),
(1185, 'Join', 700012, 700099, 2, 0),
(1186, 'Rent', 700099, 700155, 2, 1067),
(1187, 'Rent', 700012, 700155, 1, 1067),
(1188, 'Rent', 700012, 700155, 1, 1067),
(1189, 'Rent', 700012, 700146, 1, 1055),
(1190, 'Rent', 700149, 700155, 2, 1067);

-- --------------------------------------------------------

--
-- Table structure for table `room`
--

CREATE TABLE `room` (
  `room_id` int(11) NOT NULL,
  `user_id` int(11) DEFAULT NULL,
  `room_size` int(11) NOT NULL,
  `city_id` int(11) NOT NULL,
  `another_detail` varchar(100) CHARACTER SET utf8 NOT NULL,
  `rent_cost` int(11) NOT NULL,
  `animal_allow` int(11) NOT NULL,
  `deposit` int(11) NOT NULL,
  `elec_cost` int(11) NOT NULL,
  `water_cost` int(11) NOT NULL,
  `type` varchar(11) NOT NULL,
  `longitude` varchar(20) NOT NULL,
  `latitude` varchar(20) NOT NULL,
  `room_name` varchar(30) CHARACTER SET utf8mb4 NOT NULL,
  `max_member` int(11) NOT NULL,
  `area_name` varchar(20) CHARACTER SET utf8 NOT NULL,
  `fulladdress` varchar(200) NOT NULL,
  `rent_id` int(11) NOT NULL,
  `room_number` int(11) NOT NULL
) ENGINE=InnoDB DEFAULT CHARSET=latin1;

--
-- Dumping data for table `room`
--

INSERT INTO `room` (`room_id`, `user_id`, `room_size`, `city_id`, `another_detail`, `rent_cost`, `animal_allow`, `deposit`, `elec_cost`, `water_cost`, `type`, `longitude`, `latitude`, `room_name`, `max_member`, `area_name`, `fulladdress`, `rent_id`, `room_number`) VALUES
(1032, 700002, 325, 3001, 'หมู่บ้านนาจ้าน่าอยู่มาก', 8000, 0, 24000, 3, 7, 'condo', '100.48755849999998', '13.6512688', 'บ้านสวนธน (พุทธบูชา)', 4, 'เขต ทุ่งครุ', '', 0, 0),
(1042, 700003, 40, 3001, 'ห้องทำใหม่', 4000, 1, 8000, 0, 13, 'flat', '100.4929946', '13.7142572', 'สุขเจริญแมนชั่น', 3, 'เขต คลองสาน', '', 0, 0),
(1043, 700004, 40, 3001, 'ห้องสวย', 3000, 0, 6000, 4, 9, 'rentalhouse', '100.6940093', '13.8409082', 'ภูพระยาเพลส', 2, 'เขต คลองสามวา', '', 0, 0),
(1044, 700005, 40, 3001, 'ห้องสวย พร้อมเฟอร์นิเจอร์', 5500, 0, 11000, 3, 7, 'apartment', '100.6019078', '13.735765', 'Liberty Apartment', 4, 'เขต คลองเตย', '', 0, 0),
(1045, 700006, 40, 3001, 'ห้องสวย พร้อมเฟอร์นิเจอร์', 4500, 0, 9000, 15, 13, 'apartment', '100.6939099', '13.8140635', 'M.V. Apartment', 2, 'เขต คันนายาว', '', 0, 0),
(1046, 700007, 40, 3001, 'ห้องสวย พร้อมเฟอร์นิเจอร์', 5500, 0, 11000, 10, 8, 'apartment', '100.586', '13.8239941', 'ฟ้าตะวันอพาร์ทเม้นท์', 4, 'เขต จตุจักร', '', 0, 0),
(1047, 700127, 40, 3001, 'ห้องสวย พร้อมเฟอร์นิเจอร์', 3500, 0, 7000, 5, 10, 'mansion', '100.48773', '13.71700', 'A.H.H แมนชั่น4', 4, 'เขต จอมทอง', '', 0, 0),
(1048, 700009, 40, 3001, 'ห้องสวย พร้อมเฟอร์นิเจอร์', 6000, 0, 12000, 7, 9, 'flat', '100.5934911', '13.9229756', 'sacool flat', 4, 'เขต ดอนเมือง', '', 0, 0),
(1049, 700029, 40, 3001, 'ห้องสวย พร้อมเฟอร์นิเจอร์', 7000, 0, 14000, 12, 9, 'dormitory', '100.5664101', '13.7695303', 'หอสถาพร', 4, 'เขต ดินแดง', '', 0, 0),
(1054, 700146, 40, 0, 'อิอิอิอิ', 1000, 0, 2000, 7, 3, 'appartment', '100.58001519999993', '13.8160633', 'หอพักสตรี รัชดา32', 4, '', '', 0, 0),
(1055, 700146, 45, 0, 'เป็นหมู่บ้านจ้า', 4000, 0, 8000, 7, 3, 'condo', '100.6009057', '13.8874279', 'พักพิง อพาร์ทเมนท์', 4, '', '', 0, 0),
(1056, 700147, 40, 0, 'เป็นหมู่บ้านจ้า', 8000, 1, 24000, 7, 7, 'condo', '100.55830020000008', '13.7347746', 'สยามแมนชั่น', 4, '', '', 0, 0),
(1057, 700147, 50, 0, 'เป็นหมู่บ้านจ้า', 8000, 1, 24000, 9, 6, 'condo', '100.45067819999997', '13.7091341', 'คอนโดเมโทร พาร์ค สาทร', 4, '', '', 0, 0),
(1066, 700154, 10, 0, 'อิอิ', 2000, 1, 4000, 10, 10, 'condo', '100.41909899999996', '13.647817', 'เทสโก้ โลตัส สาขาพระราม 2', 2, '', '', 0, 0),
(1067, 700155, 35, 0, 'อยู่สบายสไตล์คอนโดหรู จ่ายสบายสไตล์อพาร์ทเม้นท์  *** ภาพถ่ายจากสถานที่จริงและมีครบจริง ***  สิ่งอำนว', 5500, 0, 15000, 7, 7, 'condo', '100.49717899999996', '13.64901', 'Sonoma Apartment', 2, '', '', 0, 0),
(1068, 700155, 35, 0, 'บรรยากาศดีมากๆครับ', 8000, 0, 16000, 4, 5, 'condo', '100.4961932', '13.6523324', 'หอพักเจริญสุข', 4, '', '', 0, 1613),
(1069, 700155, 40, 0, 'สวยงามหยดย้อย', 4500, 0, 9000, 8, 1, 'condo', '100.50097200000005', '13.656608', 'ธนบุรีสปอร์ตคลับแอนด์แมนชั่น', 3, '', '', 2, 1779),
(1070, 700156, 35, 0, 'หอสวยงาม', 5500, 1, 10000, 5, 7, 'condo', '100.49786659999995', '13.649645', 'คอสโม แมนชั่น', 4, '', '', 0, 1099),
(1071, 700155, 35, 0, 'เป็นหมู่บ้านจ้า', 5000, 0, 10000, 7, 10, 'condo', '100.50823190000006', '13.6092841', 'My Place', 4, '', '', 0, 301),
(1072, 700157, 35, 0, 'ห้องน่าอยู่สุขสบายมากๆ', 4000, 0, 8000, 7, 7, 'condo', '100.53281960000004', '13.7462646', 'สยามเซ็นเตอร์', 2, '', '', 0, 401),
(1073, 700160, 40, 0, 'คอนโด ลุมพินี สวีท ปิ่นเกล้า 64. 27 ตร. ม. ถ. สมเด็จพระปิ่นเกล้า บางยี่ขัน บางพลัด กรุงเทพ อยู่ชั้น ', 3500, 1, 7000, 7, 7, 'condo', '100.48298180000006', '13.7727834', 'ลุมพินี สวีท ปิ่นเกล้า', 2, '', '', 0, 1663),
(1074, 700155, 35, 0, 'easdkp[sodk[oaskd[askd[kas[dkas[dka[sdasd[', 8500, 0, 17000, 3, 10, 'condo', '100.60182469999995', '13.7468385', 'ดามาเฮาส์', 4, '', '', 0, 1619),
(1075, 700155, 20, 0, 'หอพักย่านสุขุมวิท บรรยกาศ สวยงามน่าอยู่อากาศ เย็นสบาย เครื่อง อำนวยความสะดวกครบครัน', 2400, 0, 4800, 5, 5, 'condo', '100.63869030000001', '13.7048716', 'อ่อนนุช คอนโดมิเนียม', 4, '', '', 0, 1620);

-- --------------------------------------------------------

--
-- Table structure for table `users`
--

CREATE TABLE `users` (
  `user_id` int(11) NOT NULL,
  `first_name` varchar(100) CHARACTER SET utf8 DEFAULT NULL,
  `last_name` varchar(100) CHARACTER SET utf8 DEFAULT NULL,
  `nick_name` varchar(50) CHARACTER SET utf8 DEFAULT NULL,
  `eng_name` varchar(50) DEFAULT NULL,
  `eng_last_name` varchar(50) DEFAULT NULL,
  `birth_date` date DEFAULT NULL,
  `gender` varchar(5) DEFAULT NULL,
  `fbid` varchar(50) DEFAULT NULL,
  `clean_lvl` int(11) DEFAULT NULL,
  `snoring` int(11) DEFAULT NULL,
  `haveroom` int(10) DEFAULT NULL,
  `smoke` int(11) DEFAULT NULL,
  `children` int(11) DEFAULT NULL,
  `status` varchar(45) DEFAULT NULL,
  `party_lvl` int(11) DEFAULT NULL,
  `description` varchar(3000) CHARACTER SET utf8 DEFAULT NULL,
  `country_id` int(11) NOT NULL,
  `job_id` int(11) NOT NULL,
  `city_id` int(11) NOT NULL,
  `email` varchar(20) DEFAULT NULL,
  `religion_id` int(11) NOT NULL,
  `user_name` varchar(100) DEFAULT NULL,
  `password` varchar(40) DEFAULT '1',
  `rent_cost` int(8) NOT NULL,
  `period` varchar(11) NOT NULL,
  `moving_date` date DEFAULT NULL,
  `latitude` varchar(30) NOT NULL,
  `longitude` varchar(30) NOT NULL,
  `phone_number` varchar(15) NOT NULL
) ENGINE=InnoDB DEFAULT CHARSET=latin1;

--
-- Dumping data for table `users`
--

INSERT INTO `users` (`user_id`, `first_name`, `last_name`, `nick_name`, `eng_name`, `eng_last_name`, `birth_date`, `gender`, `fbid`, `clean_lvl`, `snoring`, `haveroom`, `smoke`, `children`, `status`, `party_lvl`, `description`, `country_id`, `job_id`, `city_id`, `email`, `religion_id`, `user_name`, `password`, `rent_cost`, `period`, `moving_date`, `latitude`, `longitude`, `phone_number`) VALUES
(700002, 'กนกรัตน์', 'สหกิจพิจารณ์', 'เฟิร์น', 'Kanokrat', 'Sahakitpijarn', '1995-03-29', 'f', NULL, 2, 4, 0, 2, 1, 'single', 3, NULL, 10001, 3001, 3001, 'b-right_fern@hotmail', 2001, '1', '1', 3673, '2', '2019-10-24', '13.7437941', '100.6894580', '0'),
(700003, 'กมลพัชร์', 'เขษมกิจขจร', 'กั๊ก', 'KAGOLPAT', 'KASEMKIJKAJON', '1995-05-29', 'f', NULL, 5, 5, 0, 3, 2, 'single', 4, NULL, 10001, 3001, 3001, 'kag_29_playful@hotma', 2001, '1', '1', 7259, '1', '2019-02-11', '13.7946809', '100.7092721', '0'),
(700004, 'กมลวรรณ', 'พิมพ์ดีด', 'มีน', 'Kamolwan', 'Pimdeed', '1995-04-17', 'f', NULL, 2, 4, 0, 2, 3, 'single', 4, NULL, 10001, 3001, 3002, 'meankung_higu@hotmai', 2001, '1', '1', 7277, '3', '2019-07-28', '13.6905498', '100.6088893', '0'),
(700005, 'กิตติจิต', 'หลงคะเจ้า', 'ดรีม', 'Kittijit', 'Longkajao', '1995-05-26', 'm', NULL, 4, 5, 0, 4, 2, 'single', 2, NULL, 10001, 3001, 3001, 'kittijit_dream@hotma', 2001, '1', '1', 4607, '2', '2018-05-07', '13.8394219', '100.7721111', '0'),
(700006, 'กุลนันท์', 'แซ่เฉิน', 'จูนโน่', 'kullanan', 'Sae Chen', '1995-01-09', 'f', NULL, 4, 1, 0, 1, 5, 'single', 2, NULL, 10001, 3001, 3001, 'violet_june_29208@ho', 2001, '1', '1', 7205, '3', '2019-06-24', '13.7242573', '100.8358715', '0'),
(700007, 'เกล้ากมล', 'ปวีณาสมบัติ', 'เฟย์', 'Koawkamol', 'Paweenasombat', '1995-03-03', 'f', NULL, 5, 2, 0, 2, 1, 'single', 5, NULL, 10001, 3001, 3003, 'fay_liuyifei@hotmail', 2001, '1', '1', 4204, '1', '2018-11-02', '13.6988209', '100.6886333', '0'),
(700008, 'จิรภัทร', 'เฮ้งเจริญ', 'เป้', 'Jilapat', 'Hengalearn', '1994-11-13', 'm', NULL, 4, 5, 0, 3, 3, 'single', 1, NULL, 10001, 3001, 3004, 'jilapatza37@gmail.co', 2001, '1', '1', 5403, '3', '2019-05-23', '13.7318703', '100.6377817', '0'),
(700009, 'ชฎาพร', 'จิวาภรณ์รัตน์ศิริ', 'มุก', 'Chadaporn', 'Jiwapornratsiri', '1995-01-03', 'f', NULL, 2, 4, 0, 2, 5, 'single', 1, NULL, 10001, 3001, 3005, 'minney-chada@hotmail', 2001, '1', '1', 4406, '3', '2018-02-03', '13.7958676', '100.8014509', '0'),
(700010, 'ชนาธิป', 'ชวยบุญชุม', 'กาย', 'Chanathip', 'Chuayboonchum', '1994-09-06', 'm', NULL, 5, 2, 0, 2, 2, 'single', 2, NULL, 10001, 3001, 3006, 'chanathip_g@outlook.', 2001, '1', '1', 3820, '2', '2019-05-17', '13.7469765', '100.5825754', '0'),
(700011, 'ชลชญา', 'สินบรรเทา', 'มิลค์', 'chonchaya', 'sinbanto', '1995-01-27', 'f', NULL, 4, 1, 0, 1, 2, 'single', 1, NULL, 10001, 3001, 3007, 'chonchaya_s@hotmail.', 2001, '1', '1', 3881, '3', '2018-08-13', '13.6979429', '100.5999874', '0'),
(700012, 'วสันต์', 'ผุยหนองโพธิ์', 'โย', 'Chanon', 'Phrueksamut', '1994-10-27', 'm', '1273957779304197', 5, 5, 0, 5, 3, 'single', 5, 'สวัสดีครับเราชื่อ โอ๊ต', 10001, 3001, 3008, '', 3001, '1', '1', 15000, '4', '2020-06-13', '-38.38318799999999', '142.5955517', '0'),
(700013, 'ฐาปกรณ์', 'พิมพ์กล่ำ', 'โม', 'Thapakorn', 'PImklum', '1995-05-18', 'm', NULL, 1, 3, 0, 3, 2, 'single', 1, NULL, 10001, 3001, 3001, 'mo-mo-kupp@hotmail.c', 2001, '1', '1', 8080, '4', '2018-08-05', '13.8930654', '100.8170729', '0'),
(700014, 'ณัฐดนัย', 'ผุยหนองโพธิ์', ' โอ๊ต', 'Natdanai', 'Puinongpo', '1994-06-01', 'm', NULL, 5, 3, 0, 1, 1, 'single', 2, NULL, 10001, 3001, 3003, 'oat_gm@hotmail.com', 2001, '1', '1', 4566, '3', '2018-07-25', '13.6682821', '100.6137004', '0'),
(700015, 'เตชินท์', 'งามสะอาด', 'ไอซ์', 'Techin', 'Ngamsaard', '1995-01-11', 'm', NULL, 3, 1, 0, 3, 1, 'single', 4, NULL, 10001, 3001, 3009, 'ice_001_004@hotmail.', 2001, '1', '1', 4592, '2', '2018-08-07', '13.8992218', '100.5600284', '0'),
(700016, 'เตมีย์', 'ศิลปวัฒนากิติ', 'เตมีย์', 'TEMEE', 'SILLAPAWATTANAKITI', '1994-05-24', 'm', NULL, 2, 3, 0, 1, 3, 'single', 3, NULL, 10001, 3001, 3010, 'te.mee.za@hotmail.co', 2001, '1', '1', 7261, '4', '2019-08-21', '13.7089536', '100.6370430', '0'),
(700017, 'ทศวัชร์', 'ชุติมาสกุล', 'เซฟ', 'Todsawat', 'Chutimasakul', '1995-02-02', 'm', NULL, 4, 4, 0, 2, 3, 'single', 4, NULL, 10001, 3001, 3001, 'safevary@hotmail.com', 2001, '1', '1', 4527, '3', '2018-11-10', '13.8063317', '100.8222671', '0'),
(700018, 'ณัฐพล', 'กลิ่นขจร', 'ฟลุ๊ค', 'Tiyanon', 'Klinkhajorn', '1994-06-11', 'm', NULL, 5, 2, 0, 4, 3, 'single', 2, NULL, 10001, 3001, 3005, 'falook.glico@gmail.c', 2001, '1', '1', 6853, '1', '2018-07-22', '13.6948682', '100.6095694', '0'),
(700019, 'ธฤต', 'นิติวัฒนานนท์', 'มิกกี้', 'Tarit', 'Nitiwattananon', '1995-01-23', 'm', NULL, 4, 2, 0, 2, 4, 'single', 3, NULL, 10001, 3001, 3011, 'teapot.tr@hotmail.co', 2002, '1', '1', 2683, '3', '2019-02-04', '13.8782934', '100.8111058', '0'),
(700020, 'ธิดา', 'ศรีประเสริฐ', 'ลูกกุน', 'Thida', 'Sriprasert', '1995-04-08', 'f', NULL, 5, 3, 0, 4, 1, 'single', 5, NULL, 10001, 3001, 3001, 'kun-s@hotmail.com', 2001, '1', '1', 6858, '3', '2018-07-23', '13.6831922', '100.7216129', '0'),
(700021, 'ธีรวุฒิ', 'พลามิตร', 'โอ๊ต', 'Thirawut', 'Pharamit', '1994-11-28', 'm', NULL, 1, 2, 0, 1, 3, 'single', 3, NULL, 10001, 3001, 3001, 'aodzaza_hoy@hotmail.', 2001, '1', '1', 8241, '2', '2018-03-07', '13.7960641', '100.5278178', '0'),
(700022, 'นนทวัฒน์', 'ดวงฉาย', 'นนท์', 'NONTHAWAT', 'DUANGCHAI', '1995-05-29', 'm', NULL, 3, 1, 0, 5, 2, 'single', 4, NULL, 10001, 3001, 3003, 'nonthawat2538@hotmai', 2001, '1', '1', 2632, '3', '2019-06-06', '13.8760230', '100.5703699', '0'),
(700023, 'นนทวัฒน์', 'วรีฤทธิ์', 'นนท์', 'Nontawat', 'Wareerit', '1995-06-24', 'm', NULL, 5, 3, 0, 4, 2, 'single', 3, NULL, 10001, 3001, 3002, 'wareenon9563@yahoo.c', 2001, '1', '1', 2437, '1', '2019-04-07', '13.6533191', '100.6620822', '0'),
(700024, 'นภัทร', 'ตรีเพชร', 'แจ๊คกี้', 'napas', 'tripech', '1995-02-11', 'f', NULL, 3, 5, 0, 3, 3, 'single', 1, NULL, 10001, 3001, 3001, 'napas.j@hotmail.com', 2001, '1', '1', 2290, '1', '2018-10-28', '13.8634853', '100.7588608', '0'),
(700025, 'นวพร', 'รักธงไทย', 'มุก', 'navaporn', 'rukthongthai', '1995-05-01', 'f', NULL, 5, 2, 0, 2, 4, 'single', 1, NULL, 10001, 3001, 3001, 'kimtaehe_thekop_@hot', 2001, '1', '1', 2139, '4', '2018-09-09', '13.6767642', '100.6284163', '0'),
(700026, 'นิตินัย', 'คุ้มเจริญ', 'เพชร', 'Nitinai', 'Khumcharoen', '1994-07-21', 'm', NULL, 2, 2, 0, 1, 2, 'single', 1, NULL, 10001, 3001, 3006, 'phet_nitinai@hotmail', 2001, '1', '1', 9822, '3', '2019-04-09', '13.7991038', '100.5158603', '0'),
(700027, 'นิพนธ์', 'ชัยยงยุทธ', 'ภูมิ', 'Nipon', 'Chaiyongyuth', '1995-05-09', 'm', NULL, 3, 5, 0, 1, 3, 'single', 3, NULL, 10001, 3001, 3001, 'I3lackstar_@hotmail.', 2001, '1', '1', 8696, '3', '2019-05-09', '13.8910630', '100.7091120', '0'),
(700028, 'บุณยานุช', 'กีรติรัตนะ', 'น้ำผึ้ง', 'boonyanuch', 'keeratiratana', '1994-08-16', 'f', NULL, 5, 1, 0, 5, 2, 'single', 4, NULL, 10001, 3001, 3001, 'hohapo_np@hotmail.co', 2001, '1', '1', 4014, '3', '2019-03-25', '13.7216329', '100.7139178', '0'),
(700029, 'เบญจพร', 'เหรียญทอง', 'พุทธ', 'Benjaporn ', 'Rienthong', '1994-07-06', 'f', NULL, 2, 1, 0, 4, 1, 'single', 4, NULL, 10001, 3001, 3002, 'tvxq_sj_forever@hotm', 2001, '1', '1', 7980, '3', '2018-07-25', '13.7771252', '100.5551372', '0'),
(700030, 'ปฐวี', 'สุเมธวรนิธิ', 'วี', 'Patavee', 'Sumathworanithi', '1994-12-21', 'm', NULL, 2, 3, 0, 4, 5, 'single', 5, NULL, 10001, 3001, 3012, 'ilkandm@hotmail.com', 2001, '1', '1', 9860, '2', '2019-10-12', '13.8655765', '100.7357984', '0'),
(700031, 'นิธิศ', 'เพชรคำ', 'พั้นช์', 'Nitit', 'Petchkam', '1995-02-07', 'm', NULL, 2, 2, 0, 5, 4, 'single', 3, NULL, 10001, 3001, 3013, 'boukuwa-punch@hotmai', 2001, '1', '1', 7361, '1', '2018-08-03', '13.6637655', '100.5603083', '0'),
(700032, 'ประสุกฤษ์', 'ทองมี', 'ปาล์ม', 'Prasukrit', 'Thongmee', '1994-12-15', 'm', NULL, 4, 5, 0, 3, 2, 'single', 1, NULL, 10001, 3001, 3002, 'palm.ricing@hotmail.', 2001, '1', '1', 5224, '2', '2018-11-09', '13.8631480', '100.8190623', '0'),
(700033, 'ปริษฐา', 'ลีลาพาณิชย์ชัย', 'วิว', 'Parittha', 'Leelapanitchai', '1994-11-30', 'f', NULL, 4, 5, 0, 4, 1, 'single', 5, NULL, 10001, 3001, 3014, 'f.fakez@hotmail.com', 2001, '1', '1', 2035, '4', '2019-03-07', '13.8572523', '100.7537054', '0'),
(700034, 'ปัญชนา', 'กากะบุตร', 'ปันปัน', 'Panchana', 'Kakabutr', '1994-10-21', 'f', NULL, 5, 1, 0, 2, 2, 'single', 3, NULL, 10001, 3001, 3001, 'beautiful-life.p@hot', 2003, '1', '1', 8504, '2', '2019-02-13', '13.8156745', '100.6901035', '0'),
(700035, 'ปิยณัฐ', 'สว่างเมฆ', 'ปอ', 'Piyanat', 'Sawangmek', '1995-04-06', 'm', NULL, 4, 4, 0, 2, 5, 'single', 3, NULL, 10001, 3001, 3001, 'zero_por@hotmail.com', 2001, '1', '1', 2415, '1', '2018-03-06', '13.6746971', '100.6776869', '0'),
(700036, 'ปุณยรวีร์', 'สัตยาเลิศธรรม', 'โฟล์ค', 'Punyarawi', 'Sattayaloettham', '1994-08-31', 'm', NULL, 3, 5, 0, 3, 2, 'single', 2, NULL, 10001, 3001, 3001, 'baddevil_ivolk@hotma', 2001, '1', '1', 8563, '3', '2018-02-14', '13.7201694', '100.6088369', '0'),
(700037, 'ปุณวัชร์', 'ปิ่นสุวรรณ', 'ฟ่า', 'Punnawat', 'Pinsuwan', '1995-07-07', 'm', NULL, 3, 5, 0, 4, 4, 'single', 1, NULL, 10001, 3001, 3005, 'monster_valentine@ho', 2001, '1', '1', 9570, '3', '2019-04-28', '13.7914785', '100.6285706', '0'),
(700038, 'พงศกร', 'ชุติมาสกุล', 'พจน์', 'pongsakorn', 'chutimasakul', '1995-12-17', 'm', NULL, 2, 2, 0, 1, 2, 'single', 2, NULL, 10001, 3001, 3001, 'poj_zaa@hotmail.com', 2001, '1', '1', 4159, '4', '2019-10-20', '13.7688299', '100.6412011', '0'),
(700039, 'พงศ์ภรณ์', 'โชติทวีวัฒน์', 'อ้วน', 'pongporn', 'chottaweewat', '1995-04-05', 'm', NULL, 1, 4, 0, 4, 4, 'single', 5, NULL, 10001, 3001, 3015, 'mcmusic_009@hotmail.', 2001, '1', '1', 6088, '2', '2019-08-19', '13.8602981', '100.7337891', '0'),
(700040, 'พศุตม์', 'เกษมภูมิรัตน์', 'โก้', 'Pasuth', 'Kasampumirat', '1992-12-10', 'm', NULL, 4, 2, 0, 2, 1, 'single', 3, NULL, 10001, 3001, 3005, 'pasuth73@hotmail.com', 2001, '1', '1', 7960, '3', '2019-05-07', '13.7584876', '100.7232542', '0'),
(700041, 'พัชรพล', 'พรเวชอำนวย', 'โม', 'Patcharapon', 'Pornvechumnuay', '1994-12-11', 'm', NULL, 3, 1, 0, 4, 3, 'single', 1, NULL, 10001, 3001, 3001, 'mono_omyim@live.com', 2001, '1', '1', 3537, '2', '2019-04-10', '13.8650199', '100.7228136', '0'),
(700042, 'พัฒน์นรี', 'นิธิรัตนกาญจน์', 'โซออย', 'Putnaree', 'nidhirutthanakanj', '1995-01-31', 'f', NULL, 5, 4, 0, 5, 4, 'single', 2, NULL, 10001, 3001, 3016, 'skill-ps@live.com', 2001, '1', '1', 7805, '4', '2019-04-22', '13.8243652', '100.8223382', '0'),
(700043, 'พันธกานต์', 'ชาติสุวรรณ', 'สตางค์', 'Pantakan', 'Chartsuwan', '1995-09-26', 'm', NULL, 1, 4, 0, 5, 5, 'single', 3, NULL, 10001, 3001, 3001, 'inost_st@hotmail.com', 2001, '1', '1', 2413, '3', '2018-11-15', '13.6632221', '100.8417402', '0'),
(700044, 'พิชญา', 'แก้วมณี', 'โอปอล์', 'Pitchaya', 'Kaewmanee', '1994-12-13', 'f', NULL, 1, 5, 0, 3, 2, 'single', 4, NULL, 10001, 3001, 3015, 'opy.hahalulabie@gmai', 2001, '1', '1', 2652, '1', '2019-08-02', '13.8827991', '100.7653390', '0'),
(700045, 'พีระพงศ์', 'วงศ์ลิมสมุทร', 'พี', 'Peerapong', 'Wonglimsamut', '1994-08-18', 'm', NULL, 1, 1, 0, 5, 3, 'single', 3, NULL, 10001, 3001, 3008, 'pee_151@hotmail.com', 2001, '1', '1', 4018, '2', '2019-09-23', '13.8502337', '100.7942009', '0'),
(700046, 'ภาสวุฒิ', 'เพ็งพูล', 'วุด', 'bhasavuthi', 'pengpool', '1995-09-21', 'm', NULL, 5, 3, 0, 2, 3, 'single', 3, NULL, 10001, 3001, 3001, 'wut-gc@hotmail.com', 2001, '1', '1', 2136, '2', '2018-03-24', '13.8507237', '100.6634175', '0'),
(700047, 'ภูรีรัตน์', 'โชตธีรวสุ', 'แป้ง', 'Phureerat', 'Shotateerawasu', '1994-09-17', 'f', NULL, 3, 5, 0, 3, 4, 'single', 5, NULL, 10001, 3001, 3006, 'papang_phuree@hotmai', 2001, '1', '1', 4627, '4', '2019-07-10', '13.7969822', '100.6576427', '0'),
(700048, 'มังกร', 'จึงรุ่งฤทธิ์', 'เจ', 'Mangkorn', 'Jungroongrit', '1993-10-18', 'm', '100001391263878', 4, 1, 0, 4, 2, 'single', 2, NULL, 10001, 3001, 3011, 'baku_hero.line@hotma', 2001, '1', '1', 6728, '3', '2018-03-23', '13.8406236', '100.8074747', '0'),
(700049, 'มัทนา', 'มั่นพรม', 'มิ้ม', 'Mattana', 'Munprom', '1995-02-14', 'f', NULL, 3, 2, 0, 5, 5, 'single', 3, NULL, 10001, 3001, 3017, 'mimaru_1402@hotmail.', 2001, '1', '1', 9756, '2', '2018-10-14', '13.8553352', '100.7965152', '0'),
(700050, 'รณพร', 'เอมมาโนชญ์', 'ฟาง', 'Ronaporn', 'Aimmanoj', '1994-09-14', 'f', '', 1, 2, 0, 4, 3, 'single', 1, NULL, 10001, 3001, 3001, 'fang_zuzzy@hotmail.c', 2001, '1', '1', 2599, '4', '2019-09-21', '13.8994740', '100.6826259', '0'),
(700051, 'รัชชานนท์', 'สุขมอญ', 'เฟรนด์', 'radchanon', 'sukmon', '1994-08-30', 'm', NULL, 3, 4, 0, 5, 3, 'single', 1, NULL, 10001, 3001, 3011, 'f_radchanon@hotmail.', 2001, '1', '1', 5725, '3', '2018-06-05', '13.8684169', '100.8062977', '0'),
(700052, 'ลลิตา', 'พัฒนมาศ', 'มุก', 'Lalita', 'Pattanamas', '1994-11-30', 'f', NULL, 1, 3, 0, 4, 2, 'single', 5, NULL, 10001, 3001, 3001, 'mormukmik@gmail.com', 2001, '1', '1', 2830, '2', '2019-02-09', '13.7083985', '100.6999644', '0'),
(700053, 'ลายคราม', 'แจ่มจันทรา', 'ข้าวเจ้า', 'Laikhram', 'Jamjuntra', '1994-08-24', 'm', NULL, 5, 1, 0, 2, 2, 'single', 2, NULL, 10001, 3001, 3003, 'itswolfe@gmail.com', 2001, '1', '1', 2972, '4', '2019-06-25', '13.7272486', '100.7623017', '0'),
(700054, 'วรเมธ', 'หมีทอง', 'เดียว', 'Woramet', 'Meethong', '1994-09-07', 'm', NULL, 1, 3, 0, 2, 5, 'single', 4, NULL, 10001, 3001, 3018, 'deaw0003@hotmail.com', 2001, '1', '1', 4372, '2', '2019-09-09', '13.7354041', '100.7203217', '0'),
(700055, 'วรัญญา', 'ตันตินีรนาท', 'กิ๊ฟ', 'Waranya', 'Tantineeranart', '1994-02-06', 'f', NULL, 2, 2, 0, 3, 2, 'single', 5, NULL, 10001, 3001, 3001, 'waranya_g@hotmail.co', 2001, '1', '1', 2945, '3', '2018-04-07', '13.8385962', '100.7619878', '0'),
(700056, 'วรินธร', 'ตู้จินดา', 'ปังปอนด์', 'Varinthon', 'Tuchinda', '1995-01-19', 'f', NULL, 1, 5, 0, 4, 5, 'single', 3, NULL, 10001, 3001, 3005, 'pond_varin@hotmail.c', 2001, '1', '1', 7607, '3', '2019-05-02', '13.8607855', '100.7873174', '0'),
(700057, 'วริศ', 'โกศลวัฒนสมบัติ', 'อาร์ท', 'Warit', 'Kosolwattanasombat', '1995-07-22', 'm', NULL, 4, 5, 0, 4, 4, 'single', 1, NULL, 10001, 3001, 3001, 'kosolart@hotmail.com', 2001, '1', '1', 3200, '1', '2018-10-13', '13.8759698', '100.5260056', '0'),
(700058, 'วริษา', 'แต่สุวรรณ์', 'มิน', 'Warisa', 'Taesuwan', '1994-08-03', 'f', NULL, 2, 1, 0, 2, 5, 'single', 1, NULL, 10001, 3001, 3005, 'mill2537@hotmail.com', 2001, '1', '1', 7180, '3', '2018-05-11', '13.8011169', '100.7655490', '0'),
(700059, 'วศุตม์', 'ปัญญวิภาต', 'เปา', 'Wasut', 'Panyawiphat', '1995-01-11', 'm', NULL, 5, 2, 0, 5, 4, 'single', 5, NULL, 10001, 3001, 3001, 'wasut_pao@hotmail.co', 2001, '1', '1', 8299, '3', '2019-05-09', '13.8138645', '100.5836761', '0'),
(700060, 'วสันต์', 'เสริมพานิช', 'ฮาย', 'wasan', 'sermpanich', '1995-05-17', 'm', NULL, 4, 2, 0, 1, 1, 'single', 1, NULL, 10001, 3001, 3019, 'wasan.hi@hotmail.com', 2001, '1', '1', 9954, '3', '2019-08-17', '13.8869683', '100.7871653', '0'),
(700061, 'วิรชาญ', 'บุญยิ้ม', 'บอม', 'Wirachan', 'Boonyim', '1995-02-02', 'm', NULL, 3, 1, 0, 2, 3, 'single', 4, NULL, 10001, 3001, 3017, 'carawa13@hotmail.com', 2001, '1', '1', 6872, '2', '2018-02-27', '13.6747241', '100.6600614', '0'),
(700062, 'วิวผกา', 'หวังวิศวาวิทย์', 'วิว', 'viewpaka', 'whangvisavawit', '1995-04-29', 'f', NULL, 1, 3, 0, 5, 2, 'single', 5, NULL, 10001, 3001, 3020, 'C_preview_Z@hotmail.', 2002, '1', '1', 2500, '4', '2018-10-20', '13.7233553', '100.6531392', '0'),
(700063, 'ศรัณย์', 'มุ่งธัญญา', '?เอิร์ธ', 'Sarun', 'Mungthanya', '1995-05-11', 'm', NULL, 1, 1, 0, 3, 2, 'single', 3, NULL, 10001, 3001, 3004, 'msaran_run@hotmail.c', 2001, '1', '1', 5884, '3', '2018-10-09', '13.7482416', '100.8097885', '0'),
(700064, 'ศศินันท์', 'สิทธิเมธิตานันท์', 'เนอส', 'Sasinan', 'Sitthimethitanan', '1995-05-17', 'f', NULL, 1, 4, 0, 1, 4, 'single', 3, NULL, 10001, 3001, 3001, 'dream_life_top@hotma', 2001, '1', '1', 3919, '1', '2018-03-09', '13.7448053', '100.6107526', '0'),
(700065, 'ศิรสิทธิ์', 'มหาวาณิชย์วงศ์', 'เฮ้า', 'Sirasit', 'Mahavanichwong', '1995-05-13', 'm', NULL, 4, 5, 0, 2, 1, 'single', 2, NULL, 10001, 3001, 3001, 'splinter_406@hotmail', 2001, '1', '1', 7943, '2', '2019-07-22', '13.6912120', '100.5333527', '0'),
(700066, 'ศิริวัฒน์', 'เอียดทองใส', 'คิว', 'Siriwat', 'Eifthongsai', '1994-06-14', 'm', NULL, 2, 1, 0, 1, 1, 'single', 2, NULL, 10001, 3001, 3001, 'wp1551@gmail.com', 2001, '1', '1', 9957, '1', '2018-02-17', '13.8164249', '100.5459414', '0'),
(700067, 'สรวิศ', 'ตรงจิตรจริง', 'แบงค์', 'sorawit', 'throngjitjing', '1994-09-15', 'm', NULL, 5, 4, 0, 4, 2, 'single', 5, NULL, 10001, 3001, 3001, 'myclassic_sweet-hear', 2001, '1', '1', 7958, '3', '2018-03-26', '13.6973201', '100.8011805', '0'),
(700068, 'สิริกร', 'อิ่มสุขศิลป์', 'เดียร์', 'sirikorn', 'imsuksilp', '1993-08-12', 'f', NULL, 3, 2, 0, 3, 3, 'single', 1, NULL, 10001, 3001, 3001, 'dear_jung_ka@hotmail', 2001, '1', '1', 7916, '2', '2019-10-24', '13.7306119', '100.7470701', '0'),
(700069, 'สุทธิดา', 'ชลพานิชกุล', 'บี', 'Sutthida', 'Chonpanichakul', '1994-11-12', 'f', NULL, 4, 3, 0, 2, 3, 'single', 2, NULL, 10001, 3001, 3001, 'snr308@gmail.com', 2001, '1', '1', 5709, '2', '2019-08-24', '13.7634404', '100.5878926', '0'),
(700070, 'สุทธิพร', 'ขำสุวรรณ', 'หญิง', 'Sutthiporn', 'Khamsuwan', '1994-08-27', 'f', NULL, 2, 4, 0, 1, 4, 'single', 2, NULL, 10001, 3001, 3001, 'p.hours@hotmail.com', 2001, '1', '1', 2796, '1', '2018-06-17', '13.8077690', '100.7347737', '0'),
(700071, 'สุรพงษ์', 'เนตรประไพ', 'ณุ๊ก', 'Surapong', 'Nateprapai', '1994-08-11', 'm', NULL, 5, 5, 0, 3, 5, 'single', 3, NULL, 10001, 3001, 3001, 'undernook@hotmail.co', 2001, '1', '1', 2854, '4', '2019-11-03', '13.8207917', '100.7637334', '0'),
(700072, 'สุวิชา', 'บัวคอม', 'สมอส', 'Suvicha', 'Buakhom', '1994-06-04', 'm', NULL, 1, 4, 0, 1, 4, 'single', 2, NULL, 10001, 3001, 3021, 'samostzz@gmail.com', 2001, '1', '1', 3881, '2', '2019-07-25', '13.6694360', '100.6131524', '0'),
(700073, 'หัตทยา', 'วงษ์สาจันทร์', 'นุ๊ก', 'huttaya', 'wongsajan', '1995-05-06', 'f', NULL, 2, 3, 0, 1, 2, 'single', 2, NULL, 10001, 3001, 3011, 'nookiiz611_compass@h', 2001, '1', '1', 8844, '2', '2018-06-02', '13.8028256', '100.7541854', '0'),
(700074, 'อภิสิทธิ์', 'จันทร์เขียว', 'มอส', 'aphisit', 'jankiaw', '1994-11-16', 'm', NULL, 5, 2, 0, 3, 2, 'single', 5, NULL, 10001, 3001, 3001, 'moss_car@hotmail.com', 2001, '1', '1', 6576, '1', '2018-08-10', '13.8646294', '100.7628707', '0'),
(700075, 'อรรถนนท์', 'ไพฑูรย์', 'เต้', 'Atthanon', 'Paithoon', '1994-10-31', 'm', NULL, 1, 1, 0, 1, 2, 'single', 5, NULL, 10001, 3001, 3022, 'athanon18@hotmail.co', 2001, '1', '1', 4349, '2', '2018-09-08', '13.8953909', '100.6284303', '0'),
(700076, 'อัจฉรีญา', 'นาวารี', 'กิ๊ฟท์', 'Achareeya', 'Nawaree', '1995-01-28', 'f', NULL, 2, 1, 0, 5, 5, 'single', 5, NULL, 10001, 3001, 3011, 'sgift_gyb@hotmail.co', 2001, '1', '1', 8017, '3', '2018-09-19', '13.8010836', '100.6439616', '0'),
(700077, 'อัจฉรียา', 'บุราคร', 'น้ำตาล', 'Achareeya', 'Burakorn', '1994-09-08', 'f', NULL, 3, 2, 0, 3, 5, 'single', 5, NULL, 10001, 3001, 3018, 'qwerty.ituang@gmail.', 2001, '1', '1', 9039, '2', '2018-09-15', '13.7298062', '100.5402200', '0'),
(700078, 'อารยา', 'ชลาธารพิพัฒน์', 'เกด', 'Araya', 'Chalatanpipat', '1994-10-20', 'f', NULL, 1, 2, 0, 4, 4, 'single', 3, NULL, 10001, 3001, 3001, 'lookgeddd_square@hot', 2001, '1', '1', 3141, '3', '2018-08-13', '13.7780646', '100.7432467', '0'),
(700079, 'อารีภรณ์', 'ศรีพวาทกุล', 'โม', 'Areeporn', 'Sripavatkul', '1995-02-12', 'f', NULL, 3, 4, 0, 2, 1, 'single', 3, NULL, 10001, 3001, 3023, 'aree-2538@hotmail.co', 2001, '1', '1', 2591, '3', '2018-03-25', '13.6685220', '100.5000563', '0'),
(700080, 'กมลชนก', 'พิมพะ', 'หญิง', 'Kamonchanok', 'Pimpa', '1994-10-22', 'f', NULL, 3, 4, 0, 3, 4, 'single', 2, NULL, 10001, 3001, 3024, 'kamonchanok_y@hotmai', 2001, '1', '1', 9529, '3', '2018-02-21', '13.8769289', '100.8010855', '0'),
(700081, 'กฤษฎา', 'นาวาศรีพร', 'ฟิล์ม', 'kritsada', 'navasriporn', '1994-09-09', 'm', NULL, 2, 2, 0, 5, 5, 'single', 1, NULL, 10001, 3001, 3001, 'kritsada_com@hotmail', 2001, '1', '1', 5873, '1', '2019-07-10', '13.7781262', '100.5190435', '0'),
(700082, 'ชาย', 'กิจขจรเกียรติ', 'คิน', 'Chai', 'Kitkajonkiet', '1994-12-03', 'm', NULL, 2, 5, 0, 5, 1, 'single', 4, NULL, 10001, 3001, 3001, 'wakibkk@hotmail.com', 2001, '1', '1', 6778, '3', '2019-04-03', '13.7520403', '100.5399242', '0'),
(700083, 'ณัฐฐา', 'บุญนำชัย', 'ฟู', 'Natthar', 'Boonnumchai', '1993-10-12', 'f', NULL, 1, 1, 0, 1, 1, 'single', 2, NULL, 10001, 3001, 3001, 'mywork20999@hotmail.', 2001, '1', '1', 6273, '3', '2019-09-07', '13.6888788', '100.5350644', '0'),
(700084, 'ทิพยรัตน์', 'เชยพานิช', 'ลูกปัด', 'Thipphayarat', 'Choeiphanit', '1995-02-11', 'f', NULL, 2, 5, 0, 5, 5, 'single', 4, NULL, 10001, 3001, 3001, 'zen_cd43@hotmail.com', 2001, '1', '1', 9030, '2', '2019-03-12', '13.8211142', '100.7533763', '0'),
(700085, 'นิพัฒน์', 'ชัยยงยุทธ', 'ภู', 'Nipat', 'Chaiyongyuth', '1995-05-09', 'm', NULL, 4, 3, 0, 4, 1, 'single', 1, NULL, 10001, 3001, 3001, 'poozakub@hotmail.com', 2001, '1', '1', 8331, '2', '2018-03-18', '13.7061599', '100.5173166', '0'),
(700086, 'ปิติพล', 'มานะวิบูลย์', 'กอล์ฟ', 'Pitiphol', 'Manaviboon', '1994-05-05', 'm', NULL, 3, 3, 0, 4, 5, 'single', 3, NULL, 10001, 3001, 3001, 'kof_31391@hotmail.co', 2001, '1', '1', 4563, '2', '2018-08-16', '13.7831714', '100.5486113', '0'),
(700087, 'ภวินทร์', 'ขจรกลิ่นมาลา', 'วิน', 'Phawin ', 'Khachornklinmala', '1994-12-28', 'm', NULL, 5, 2, 0, 5, 1, 'single', 3, NULL, 10001, 3001, 3001, 'absolute-io@live.com', 2002, '1', '1', 3824, '1', '2019-06-26', '13.8035367', '100.6239275', '0'),
(700088, 'วศิน', 'พุ่มเจริญ', 'เดียร์ืเดียร', 'wasin', 'pumchjaroern', '1994-10-04', 'm', NULL, 3, 2, 0, 5, 2, 'single', 4, NULL, 10001, 3001, 3005, 'blastpp@hotmail.com', 2001, '1', '1', 3430, '2', '2018-04-05', '13.8514365', '100.8257790', '0'),
(700089, 'สิวิกา', 'งอยภูธร', 'ป๊อป', 'Siwika', 'Ngoiputhorn', '1994-08-12', 'f', NULL, 5, 5, 0, 1, 5, 'single', 2, NULL, 10001, 3001, 3001, 'munpungkung1515@gmai', 2001, '1', '1', 3676, '1', '2019-06-26', '13.7826565', '100.6468210', '0'),
(700090, 'สุดหทัย', 'มงคลเวทวิทย์', 'เฟริน', 'sudhatai', 'mongkolveswith', '1994-10-24', 'f', NULL, 3, 5, 0, 4, 2, 'single', 5, NULL, 10001, 3001, 3004, 'nuna_5fern@hotmail.c', 2001, '1', '1', 6093, '3', '2018-05-04', '13.6985659', '100.6149439', '0'),
(700091, 'สุพิชชา', 'อำพันหอม', 'ลูกตาล', 'Supitcha', 'Umphanhom', '1995-02-09', 'f', NULL, 1, 1, 0, 1, 4, 'single', 1, NULL, 10001, 3001, 3001, 'tan-turtle@hotmail.c', 2001, '1', '1', 9437, '3', '2018-04-19', '13.8514840', '100.6868776', '0'),
(700092, 'สุภัสสรา', 'ภู่บุปผา', 'กริ้บ', 'supassara', 'phububpha', '1994-11-17', 'f', NULL, 1, 4, 0, 4, 1, 'single', 5, NULL, 10001, 3001, 3001, 'G_give_x@hotmail.com', 2001, '1', '1', 2907, '1', '2018-04-23', '13.7746523', '100.8181226', '0'),
(700093, 'อาทิตย์', 'จิตร์มงคลสุข', 'เฟิร์ส', 'Arthit', 'Chitmongkolsuk', '1995-06-07', 'm', NULL, 1, 2, 0, 1, 1, 'single', 1, NULL, 10001, 3001, 3001, 'firstmarvin_yahoo@ho', 2001, '1', '1', 8225, '1', '2019-03-18', '13.7011874', '100.6547537', '0'),
(700094, 'อานนท์', 'เจริญรัตน์', 'อาร์', 'ARNON', 'CHAROENRAT', '1994-09-30', 'm', NULL, 3, 4, 0, 5, 2, 'single', 2, NULL, 10001, 3001, 3025, 'hunterxsatan@hotmail', 2001, '1', '1', 6400, '3', '2018-09-11', '13.7233526', '100.6524426', '0'),
(700095, 'เอกวิน', 'อิทธิโรจนกุล', 'เอิร์ธ', 'Eakkawin', 'Itthirotjanakul', '1995-08-26', 'm', NULL, 1, 2, 0, 5, 2, 'single', 3, NULL, 10001, 3001, 3001, 'fug_saras4@hotmail.c', 2001, '1', '1', 5329, '3', '2018-02-03', '13.8685492', '100.7443226', '0'),
(700096, 'กฤติน', 'เล็กเจริญ', 'เนส', 'Krittin', 'Lekjaroen', '1994-09-16', 'm', NULL, 2, 5, 0, 3, 5, 'single', 4, NULL, 10001, 3001, 3014, 'nest_noodle@hotmail.', 2001, '1', '1', 5442, '2', '2019-09-13', '13.7432424', '100.8196815', '0'),
(700097, 'กุลภัสร์', 'พุดทรัพย์', 'แอม', 'Kulapat', 'Pudsab', '1994-11-19', 'f', NULL, 3, 1, 0, 1, 1, 'single', 1, NULL, 10001, 3001, 3019, 'noo_ammy_@hotmail.co', 2001, '1', '1', 9225, '4', '2018-11-17', '13.6709356', '100.7864164', '0'),
(700098, 'ณรงค์เดช', 'นิยมาภา', 'วิน', 'narongdech', 'niyamapha', '1995-01-30', 'm', NULL, 1, 5, 0, 4, 1, 'single', 2, NULL, 10001, 3001, 3001, 'winner_10104@hotmail', 2001, '1', '1', 3799, '3', '2018-11-27', '13.7555151', '100.7123317', '0'),
(700099, 'ธนกร', 'วงษ์สนอง', 'โอ๊ต', 'Thanakorn', 'Vongsanong', '1994-12-26', 'm', '1270766999630478', 1, 3, 0, 1, 5, 'single', 4, NULL, 10001, 3001, 3025, 'thehaoza@hotmail.com', 2001, '1', '1', 5320, '1', '2018-07-05', '13.6909921', '100.7036770', '0'),
(700100, 'ธนาชัย', 'สว่างอารมย์', 'นัส', 'Thanachai', 'Swang-arom', '1994-09-22', 'm', NULL, 3, 1, 0, 5, 2, 'single', 2, NULL, 10001, 3001, 3001, 'xian001@live.com', 2001, '1', '1', 5202, '3', '2019-08-10', '13.8042771', '100.6009822', '0'),
(700101, 'ธัชวัสส์', 'กุลบุษราคัม', 'บอล', 'Tatchawat', 'Kulbudsaracum', '1994-09-30', 'm', NULL, 4, 3, 0, 1, 2, 'single', 5, NULL, 10001, 3001, 3001, 'tatchawatwpy63@hotma', 2001, '1', '1', 8049, '2', '2019-08-02', '13.7126335', '100.5033009', '0'),
(700102, 'ธันยกร', 'แดงเกษม', 'กร', 'Thanyakorn', 'Daengkasem', '1995-03-08', 'm', NULL, 3, 4, 0, 3, 1, 'single', 4, NULL, 10001, 3001, 3009, 'kornlovekub@gmail.co', 2002, '1', '1', 6642, '2', '2019-10-20', '13.8546589', '100.7721422', '0'),
(700103, 'นภัสกร', 'เปรมประเสริฐ', 'แพรว', 'Napatsakorn', 'Premprasert', '1995-05-29', 'f', NULL, 5, 2, 0, 4, 1, 'single', 1, NULL, 10001, 3001, 3001, 'preawchesza@hotmail.', 2001, '1', '1', 7060, '3', '2018-08-13', '13.6644585', '100.5847921', '0'),
(700104, 'บวรลักษณ์', 'ทาดวงตา', 'เอ้', 'BORWORNLAK', 'THADUANGTA', '1995-09-28', 'f', NULL, 2, 1, 0, 3, 1, 'single', 1, NULL, 10001, 3001, 3026, 'a_ae28@live.com', 2001, '1', '1', 5374, '4', '2018-05-10', '13.9000328', '100.8414958', '0'),
(700105, 'ปาณระวี', 'สกุลแก้ว', 'โม', 'Parnravee', 'Sakulkaew', '1994-08-30', 'f', NULL, 5, 4, 0, 4, 5, 'single', 5, NULL, 10001, 3001, 3027, 'parnravee1994@gmail.', 2001, '1', '1', 3693, '4', '2018-04-15', '13.7760674', '100.5048068', '0'),
(700106, 'พงษ์ธร', 'พสุธาสถิตย์', 'บูม', 'PONGTORN', 'PASUTHASATHIT', '1994-10-10', 'm', NULL, 5, 2, 0, 1, 1, 'single', 5, NULL, 10001, 3001, 3001, 'pong-king.12@hotmail', 2001, '1', '1', 8340, '4', '2019-03-18', '13.7458980', '100.5967421', '0'),
(700107, 'ภาวิต', 'ชุ่มจิตต์', 'วิว', 'Pawit', 'Choomjit', '1994-08-31', 'm', NULL, 1, 1, 0, 1, 4, 'single', 5, NULL, 10001, 3001, 3028, 'willbstill@gmail.com', 2001, '1', '1', 4622, '1', '2018-08-25', '13.7105201', '100.6054256', '0'),
(700108, 'รชตพล', 'พงษ์อนันตโยธิน', 'บอส', 'Rachatapon', 'Ponganantayotin', '1994-10-10', 'm', NULL, 5, 3, 0, 1, 4, 'single', 2, NULL, 10001, 3001, 3001, '?boss_zaa99@hotmail.', 2001, '1', '1', 4091, '2', '2019-03-27', '13.7841328', '100.5200631', '0'),
(700109, 'วรันดร์', 'เก็งวินิจ', 'เอิร์ธ', 'Waran', 'Kengwinit', '1994-06-24', 'm', NULL, 3, 2, 0, 1, 1, 'single', 3, NULL, 10001, 3001, 3001, 'eqearth@gmail.com', 2001, '1', '1', 4590, '1', '2018-08-06', '13.8449154', '100.7545011', '0'),
(700110, 'วิมลรัตน์', 'จำปาเงิน', 'อ้น', 'Wimolrat', 'Champangeon', '1995-05-24', 'f', NULL, 4, 1, 0, 4, 1, 'single', 4, NULL, 10001, 3001, 3029, 'aon-kapa@hotmail.com', 2001, '1', '1', 8678, '3', '2019-03-24', '13.7200114', '100.8058814', '0'),
(700111, 'สิรภัทร', 'จำเริญภิญโญ', 'เจล', 'silapat', 'jumroanpinyo', '1994-09-17', 'f', NULL, 4, 3, 0, 1, 2, 'single', 1, NULL, 10001, 3001, 3001, 'silapat.jel@hotmail.', 2001, '1', '1', 3617, '4', '2018-05-24', '13.8377618', '100.6349037', '0'),
(700112, 'สิริจรรยา', 'รุจิระธราพันธุ์', 'มุก', 'Sirijanya', 'Rujiratharapun', '1995-08-19', 'f', NULL, 3, 3, 0, 2, 4, 'single', 5, NULL, 10001, 3001, 3001, 'zix.pluto-m@hotmail.', 2001, '1', '1', 6053, '3', '2019-02-20', '13.8854708', '100.8374468', '0'),
(700113, 'สุภาวดี', 'หาญเสน่ห์ลักษณ์', 'ปอ', 'Suphawadee', 'Harnsanelux', '1995-10-12', 'f', NULL, 5, 1, 0, 1, 3, 'single', 3, NULL, 10001, 3001, 3001, 'reverse.lapo@hotmail', 2001, '1', '1', 9414, '4', '2019-11-13', '13.7593356', '100.8263184', '0'),
(700114, 'สุเมธ', 'เบ็ญจวรรณ์', 'ภีม', 'Sumet', 'Benjawan', '1995-06-07', 'm', NULL, 2, 4, 0, 4, 4, 'single', 1, NULL, 10001, 3001, 3004, 'chaiyo_move83@hotmai', 2001, '1', '1', 2912, '1', '2018-04-12', '13.8527058', '100.8192019', '0'),
(700115, 'อนุษรา', 'เคนแสน', 'อุ๊', 'ANUSARA', 'KENSAN', '1993-10-27', 'f', NULL, 5, 5, 0, 1, 4, 'single', 4, NULL, 10001, 3001, 3001, 'au.2536@hotmail.com', 2001, '1', '1', 8316, '3', '2019-04-12', '13.7260727', '100.6920438', '0'),
(700116, 'อาทิมา', 'จันทแสงสว่าง', 'อีฟ', 'Artima', 'Chanthasangsawang', '1994-12-20', 'f', NULL, 2, 4, 0, 4, 2, 'single', 5, NULL, 10001, 3001, 3001, 'evefy_jubpajub@hotma', 2002, '1', '1', 6846, '3', '2018-11-25', '13.6976882', '100.8059069', '0'),
(700117, 'ธีรพงษ์', 'พวงกูล', 'พาน', 'Thirapong', 'Poungkul', '1995-08-02', 'm', NULL, 2, 5, 0, 4, 3, 'single', 4, NULL, 10001, 3001, 3010, 'thirapong73@gmail.co', 2001, '1', '1', 7280, '4', '2018-08-04', '13.8042446', '100.6480363', '0'),
(700118, 'พงศกร', 'เล็กพอใจ', 'แบงค์', 'PONGSAKORN', 'LEKPOJAI', '1995-02-02', 'm', NULL, 2, 3, 0, 2, 1, 'single', 4, NULL, 10001, 3001, 3019, 'lopolipop@gmail.com', 2001, '1', '1', 5861, '3', '2019-10-09', '13.7986561', '100.5360909', '0'),
(700119, 'ศุภวิช', 'กาญจนาคาร', 'เซฟ', 'Suppawit', 'Karnjanakarn', '1995-07-20', 'm', NULL, 1, 3, 0, 3, 3, 'single', 5, NULL, 10001, 3001, 3001, 'skyrepper@hotmail.co', 2001, '1', '1', 5467, '1', '2019-02-04', '', '', '0'),
(700127, 'Meesak', 'Somdun', NULL, NULL, NULL, '1994-02-03', 'm', '1017177218395735', 5, 5, 0, 5, 0, 'single', 5, '', 10001, 3001, 3030, 'wolf5t0rm@hotmail.co', 2001, '1', '1', 5000, '4', '2016-09-02', '', '', '0'),
(700146, 'Lnw', 'Dot', NULL, NULL, NULL, '2013-03-15', 'm', '526286800904186', NULL, NULL, NULL, NULL, NULL, NULL, NULL, NULL, 0, 0, 0, 'taebassi11@hotmail.c', 0, '2', '1', 0, '', NULL, '', '', '0868157127'),
(700147, 'กิตติชัย', 'มากทรัพย์', NULL, NULL, NULL, '1994-12-16', 'm', '1808793042740657', NULL, NULL, NULL, NULL, NULL, NULL, NULL, NULL, 0, 0, 0, '', 0, '2', '1', 0, '', NULL, '', '', '0897992372'),
(700149, 'Mangkorn', 'Jungroongrit', NULL, NULL, NULL, '1993-10-18', 'm', '1206341139422250', 5, 5, 0, 5, NULL, 'single', 5, '', 10001, 3001, 3001, '', 2001, '1', '1', 4000, '4', '2017-04-07', '13.7059285', '100.59196739999993', '0'),
(700154, 'Kamkan', 'Kankam', NULL, NULL, NULL, '2013-03-15', 'm', NULL, 3, 3, 1, 3, NULL, 'single', 3, 'อิอิ', 10001, 3001, 3001, '', 2001, '1', '1', 2000, '4', '0000-00-00', '13.647817', '100.41909899999996', '0'),
(700155, 'บัว', 'งาม', NULL, NULL, NULL, '2013-03-15', 'm', '102801693529088', NULL, NULL, NULL, NULL, NULL, NULL, NULL, NULL, 0, 0, 0, 'findmrm01@gmail.com', 0, '2', NULL, 0, '', NULL, '', '', '0867766551'),
(700156, 'หมา', 'ครับ', NULL, NULL, NULL, '2013-03-15', 'm', '116981522106308', NULL, NULL, NULL, NULL, NULL, NULL, NULL, NULL, 0, 0, 0, 'findmrm02@gmail.com', 0, '2', NULL, 0, '', NULL, '', '', ''),
(700157, 'นก', 'สุดงาม', NULL, NULL, NULL, '2013-03-15', 'f', '117310348743070', 2, 3, 1, 3, NULL, 'single', 3, 'ฉันชื่อ บุษบา ชอบ กินไข่นกกระทา', 10001, 3001, 3001, '', 2001, '1', '1', 4000, '4', '2018-11-12', '13.7462646', '100.53281960000004', ''),
(700158, 'Kamkan', 'Kankam', NULL, NULL, NULL, '2013-03-15', 'm', '113364502454905', 3, 3, 0, 3, NULL, 'single', 3, 'I am a fair roomate ', 10001, 3001, 3001, '', 2001, '1', '1', 4500, '4', '2017-06-15', '13.763007', '100.49062500000002', ''),
(700159, 'Supawit', 'Wunnason', NULL, NULL, NULL, '2013-03-15', 'm', '1172450582829047', 5, 4, 0, 5, NULL, 'single', 1, 'เป็นคนมีเสน่ห์เหลือเกิน', 10001, 3001, 3001, '', 2001, '1', '1', 10000, '4', '2017-05-25', '13.7108545', '100.6047936', ''),
(700160, 'ชบา', 'แก้ว', NULL, NULL, NULL, '1994-03-15', 'f', '126459334493741', 2, 3, 1, 2, NULL, 'marry', 4, 'เป็นคนสบายๆง่ายชอบการท่องเที่ยว', 10001, 3001, 3001, '', 2001, '1', '1', 3500, '4', '2016-12-31', '13.7727834', '100.48298180000006', ''),
(700161, 'มีนา', 'มีชัย', NULL, NULL, NULL, '1994-03-15', 'f', '139078259896236', 5, 4, 0, 5, NULL, 'single', 1, 'เป็นคนง่ายๆค่ะ อยากหารูมเมทที่ นิสัย ดี  ชอยท่องเที่ยว และ มี ไลฟ์สตายเหมือนกัน ', 10001, 3001, 3001, '', 2001, '1', '1', 8000, '4', '2019-10-22', '13.720688', '100.53031669999996', ''),
(700162, 'พรนภา', 'มีชัย', NULL, NULL, NULL, '2013-03-15', 'f', '127901977686437', NULL, NULL, NULL, NULL, NULL, NULL, NULL, NULL, 0, 0, 0, 'findmrm08@yahoo.com', 0, '2', '1', 0, '', NULL, '', '', '');

-- --------------------------------------------------------

--
-- Table structure for table `who_interest`
--

CREATE TABLE `who_interest` (
  `interest` varchar(20) NOT NULL,
  `user_id` int(11) NOT NULL
) ENGINE=InnoDB DEFAULT CHARSET=latin1;

--
-- Dumping data for table `who_interest`
--

INSERT INTO `who_interest` (`interest`, `user_id`) VALUES
('Travel', 700048),
('Dota2', 700048),
('Music', 700048),
('Cooking', 700012),
('Book', 700012),
('Study', 700012),
('Chemical', 700012),
('Chemical', 700014),
('Girl', 700014),
('Music', 700014),
('Band', 700014),
('Dota', 700014),
('Dota', 700016),
('Sexy girl', 700016),
('Computer', 700016),
('Golf', 700016),
('Golf', 700024),
('football', 700024),
('football', 700054),
('sport', 700054),
('Dota', 700054),
('Music', 700054),
('travel', 700054),
('Games', 700054),
('Music', 700059),
('Study', 700059),
('football', 700059);

--
-- Indexes for dumped tables
--

--
-- Indexes for table `accessory`
--
ALTER TABLE `accessory`
  ADD PRIMARY KEY (`accessory_id`);

--
-- Indexes for table `city`
--
ALTER TABLE `city`
  ADD PRIMARY KEY (`city_id`),
  ADD KEY `city_country_fk` (`country_id`);

--
-- Indexes for table `country`
--
ALTER TABLE `country`
  ADD PRIMARY KEY (`country_id`);

--
-- Indexes for table `education`
--
ALTER TABLE `education`
  ADD PRIMARY KEY (`education_id`);

--
-- Indexes for table `hstory_education`
--
ALTER TABLE `hstory_education`
  ADD KEY `history_education_fk` (`education_id`),
  ADD KEY `history_userid_fk` (`user_id`);

--
-- Indexes for table `interest`
--
ALTER TABLE `interest`
  ADD PRIMARY KEY (`interest_id`);

--
-- Indexes for table `jobs`
--
ALTER TABLE `jobs`
  ADD PRIMARY KEY (`job_id`);

--
-- Indexes for table `religion`
--
ALTER TABLE `religion`
  ADD PRIMARY KEY (`religion_id`);

--
-- Indexes for table `request`
--
ALTER TABLE `request`
  ADD PRIMARY KEY (`request_id`);

--
-- Indexes for table `room`
--
ALTER TABLE `room`
  ADD PRIMARY KEY (`room_id`),
  ADD KEY `room_fk` (`user_id`);

--
-- Indexes for table `users`
--
ALTER TABLE `users`
  ADD PRIMARY KEY (`user_id`),
  ADD KEY `user_city_fk` (`city_id`),
  ADD KEY `user_job_fk` (`job_id`),
  ADD KEY `user_religion_fk` (`religion_id`);

--
-- AUTO_INCREMENT for dumped tables
--

--
-- AUTO_INCREMENT for table `accessory`
--
ALTER TABLE `accessory`
  MODIFY `accessory_id` int(11) NOT NULL AUTO_INCREMENT, AUTO_INCREMENT=10014;
--
-- AUTO_INCREMENT for table `city`
--
ALTER TABLE `city`
  MODIFY `city_id` int(11) NOT NULL AUTO_INCREMENT, AUTO_INCREMENT=3031;
--
-- AUTO_INCREMENT for table `interest`
--
ALTER TABLE `interest`
  MODIFY `interest_id` int(11) NOT NULL AUTO_INCREMENT, AUTO_INCREMENT=10000021;
--
-- AUTO_INCREMENT for table `request`
--
ALTER TABLE `request`
  MODIFY `request_id` int(11) NOT NULL AUTO_INCREMENT, AUTO_INCREMENT=1191;
--
-- AUTO_INCREMENT for table `room`
--
ALTER TABLE `room`
  MODIFY `room_id` int(11) NOT NULL AUTO_INCREMENT, AUTO_INCREMENT=1076;
--
-- AUTO_INCREMENT for table `users`
--
ALTER TABLE `users`
  MODIFY `user_id` int(11) NOT NULL AUTO_INCREMENT, AUTO_INCREMENT=700163;
--
-- Constraints for dumped tables
--

--
-- Constraints for table `hstory_education`
--
ALTER TABLE `hstory_education`
  ADD CONSTRAINT `history_education_fk` FOREIGN KEY (`education_id`) REFERENCES `education` (`education_id`);

--
-- Constraints for table `room`
--
ALTER TABLE `room`
  ADD CONSTRAINT `room_fk` FOREIGN KEY (`user_id`) REFERENCES `users` (`user_id`);

/*!40101 SET CHARACTER_SET_CLIENT=@OLD_CHARACTER_SET_CLIENT */;
/*!40101 SET CHARACTER_SET_RESULTS=@OLD_CHARACTER_SET_RESULTS */;
/*!40101 SET COLLATION_CONNECTION=@OLD_COLLATION_CONNECTION */;
